precipitation_hours,sunshine_duration,wind_speed_10m_max,et0_fao_evapotranspiration,prediction,residual
24,0.0,26.3,0.96,1.54,-0.58
24,0.0,26.3,0.96,1.54,-0.58
24,859.57,26.1,1.55,1.54,0.01
24,363.05,25.4,0.83,1.54,-0.71
24,256.3,26.2,1.07,1.54,-0.47
24,163.08,25.5,1.15,1.54,-0.39
24,0.0,25.9,0.87,1.54,-0.67
24,0.0,9.8,0.81,1.55,-0.74
24,0.0,7.1,0.89,1.55,-0.66
24,0.0,9.8,0.83,1.55,-0.72
24,5665.0,8.0,1.45,1.55,-0.1
24,2435.21,10.2,1.04,1.55,-0.51
24,2545.59,9.7,1.49,1.55,-0.06
24,0.0,10.2,0.78,1.55,-0.77
24,6708.45,7.3,1.79,1.55,0.24
24,2181.23,8.2,1.37,1.55,-0.18
23,1695.4,23.0,1.35,1.56,-0.21
23,1697.49,23.0,1.4,1.56,-0.16
23,0.0,22.3,0.96,1.56,-0.6
23,275.53,22.4,1.59,1.56,0.03
24,4136.78,20.6,2.24,1.57,0.67
24,1490.01,10.3,1.3,1.57,-0.27
24,611.77,20.5,0.88,1.57,-0.69
24,4799.94,10.9,1.79,1.57,0.22
24,0.0,21.0,1.18,1.57,-0.39
24,0.0,21.1,1.31,1.57,-0.26
24,0.0,10.8,0.82,1.57,-0.75
24,0.0,21.2,0.59,1.57,-0.98
23,0.0,21.3,1.22,1.57,-0.35
24,4279.83,10.7,1.39,1.57,-0.18
24,2173.59,10.5,2.02,1.57,0.45
24,3267.54,4.2,1.24,1.58,-0.34
24,3600.0,4.6,1.46,1.58,-0.12
24,0.0,12.6,0.66,1.58,-0.92
24,0.0,22.0,1.12,1.58,-0.46
24,0.0,21.3,1.2,1.58,-0.38
24,0.0,22.0,1.06,1.58,-0.52
24,0.0,21.3,1.3,1.58,-0.28
24,5480.24,12.6,1.98,1.58,0.4
24,1069.65,6.8,1.38,1.58,-0.2
24,313.14,12.4,1.7,1.58,0.12
24,0.0,5.8,1.1,1.58,-0.48
24,0.0,21.3,0.79,1.58,-0.79
24,0.0,23.0,0.81,1.59,-0.78
24,1447.93,22.9,1.75,1.59,0.16
24,1253.43,22.4,1.57,1.59,-0.02
24,5239.63,22.3,1.61,1.59,0.02
24,0.0,22.5,1.71,1.59,0.12
24,943.92,23.1,1.75,1.59,0.16
24,639.47,23.0,1.81,1.59,0.22
23,0.0,20.6,1.05,1.59,-0.54
23,4509.45,20.8,1.67,1.59,0.08
24,1641.77,11.8,1.39,1.6,-0.21
24,3699.4,11.7,1.66,1.6,0.06
24,1647.1,11.8,1.39,1.6,-0.21
24,3600.0,8.4,1.04,1.6,-0.56
24,6251.29,8.5,1.72,1.6,0.12
24,1512.88,9.3,1.39,1.6,-0.21
24,5100.06,11.8,1.85,1.6,0.25
24,1759.32,8.7,1.93,1.6,0.33
24,0.0,11.9,1.21,1.6,-0.39
24,0.0,14.5,0.68,1.63,-0.95
24,1159.69,14.3,1.26,1.63,-0.37
24,1156.47,14.3,1.22,1.63,-0.41
24,0.0,13.2,1.02,1.63,-0.61
22,0.0,22.4,1.04,1.65,-0.61
23,238.1,8.1,1.28,1.66,-0.38
23,0.0,16.6,0.93,1.67,-0.74
23,0.0,20.3,1.41,1.67,-0.26
23,4194.62,16.2,1.76,1.67,0.09
22,0.0,10.8,1.44,1.67,-0.23
22,1695.42,10.8,1.55,1.67,-0.12
24,865.7,18.3,1.36,1.68,-0.32
24,0.0,23.3,1.05,1.68,-0.63
24,0.0,17.1,0.76,1.68,-0.92
24,4209.81,23.5,1.67,1.68,-0.01
24,4165.93,23.5,1.6,1.68,-0.08
24,0.0,24.0,1.28,1.68,-0.4
24,5981.98,23.4,2.24,1.68,0.56
24,4917.91,16.8,2.04,1.68,0.36
24,1517.42,23.2,1.33,1.68,-0.35
24,0.0,23.5,1.26,1.68,-0.42
24,0.0,23.7,0.77,1.68,-0.91
24,0.0,17.9,1.11,1.68,-0.57
24,0.0,17.1,0.68,1.68,-1.0
24,4301.35,17.0,1.76,1.68,0.08
21,5195.32,21.7,1.7,1.69,0.01
22,3806.74,17.9,2.29,1.69,0.6
24,5806.75,18.8,1.9,1.69,0.21
19,0.0,24.4,0.68,1.69,-1.01
23,1602.62,16.7,1.67,1.69,-0.02
24,0.0,18.7,0.82,1.69,-0.87
21,0.0,20.5,1.22,1.69,-0.47
19,981.9,24.6,1.45,1.69,-0.24
22,2507.79,17.8,1.26,1.69,-0.43
24,0.0,14.6,1.31,1.69,-0.38
24,5944.32,18.7,1.92,1.69,0.23
24,5619.23,16.3,2.11,1.7,0.41
24,4153.32,16.6,1.67,1.7,-0.03
24,6166.2,17.4,1.73,1.7,0.03
24,6236.18,16.4,2.09,1.7,0.39
24,4827.77,17.6,2.13,1.7,0.43
24,1354.15,20.2,1.6,1.7,-0.1
24,5625.14,16.3,2.11,1.7,0.41
24,4130.17,17.6,1.69,1.7,-0.01
24,5255.88,17.3,2.3,1.7,0.6
24,7160.99,17.7,2.06,1.7,0.36
24,0.0,17.4,1.37,1.7,-0.33
24,5459.02,20.0,1.99,1.7,0.29
24,5762.51,19.8,2.07,1.7,0.37
23,0.0,17.5,1.54,1.7,-0.16
24,137.62,19.9,1.11,1.7,-0.59
24,6663.93,19.7,1.54,1.7,-0.16
21,2044.79,10.3,1.18,1.7,-0.52
24,557.32,16.6,1.31,1.7,-0.39
24,0.0,19.9,1.35,1.7,-0.35
21,6280.93,19.0,1.42,1.71,-0.29
24,3747.62,25.1,1.76,1.71,0.05
24,3852.14,24.5,1.29,1.71,-0.42
24,7098.7,24.3,1.98,1.71,0.27
24,1129.37,24.8,1.47,1.71,-0.24
24,550.31,24.5,1.09,1.71,-0.62
24,1667.84,24.7,1.61,1.71,-0.1
24,0.0,25.2,1.43,1.71,-0.28
24,4875.41,24.9,1.95,1.71,0.24
21,7152.57,8.3,1.84,1.72,0.12
19,2760.7,21.3,1.86,1.72,0.14
21,0.0,19.9,1.59,1.72,-0.13
22,408.76,10.0,1.54,1.72,-0.18
21,880.36,7.6,1.64,1.72,-0.08
19,237.85,22.0,0.97,1.72,-0.75
22,0.0,10.0,1.46,1.72,-0.26
22,0.0,17.2,1.03,1.72,-0.69
23,6561.72,9.5,2.08,1.73,0.35
23,6568.32,9.5,2.06,1.73,0.33
23,2228.78,16.1,1.26,1.73,-0.47
23,5102.49,15.9,1.35,1.73,-0.38
23,0.0,23.3,1.45,1.74,-0.29
23,5018.49,13.0,1.78,1.74,0.04
23,710.12,13.4,1.32,1.74,-0.42
23,0.0,23.3,1.5,1.74,-0.24
22,4728.94,20.4,2.57,1.74,0.83
22,26.12,20.2,1.23,1.74,-0.51
22,0.0,17.4,1.15,1.74,-0.59
22,6273.72,19.7,1.8,1.74,0.06
19,0.0,20.1,1.14,1.74,-0.6
23,0.0,8.4,1.5,1.75,-0.25
20,0.0,10.6,1.52,1.75,-0.23
21,6759.68,9.8,1.92,1.75,0.17
21,6673.19,9.8,1.9,1.75,0.15
19,2867.6,18.7,1.53,1.76,-0.23
16,4876.5,19.2,1.21,1.76,-0.55
24,6438.13,33.4,1.34,1.76,-0.42
16,6858.96,19.6,1.41,1.76,-0.35
24,5692.81,34.8,1.16,1.76,-0.6
24,0.0,32.2,1.18,1.76,-0.58
24,0.0,32.2,1.11,1.76,-0.65
24,227.18,32.1,2.22,1.76,0.46
16,3482.35,19.5,1.42,1.76,-0.34
16,233.51,19.0,2.02,1.76,0.26
19,0.0,7.9,1.5,1.77,-0.27
24,2567.15,31.3,2.54,1.77,0.77
24,0.0,29.9,1.13,1.77,-0.64
23,7139.07,12.4,1.81,1.77,0.04
23,5087.72,12.6,1.8,1.77,0.03
19,7102.94,7.6,1.83,1.77,0.06
20,2088.79,20.0,1.29,1.78,-0.49
18,0.0,18.4,1.18,1.78,-0.6
18,1732.03,18.2,1.71,1.78,-0.07
21,5933.93,9.3,2.01,1.78,0.23
18,1457.01,20.0,1.4,1.79,-0.39
17,3386.44,18.8,1.37,1.79,-0.42
21,1730.69,25.1,1.88,1.8,0.08
17,356.62,21.7,1.26,1.8,-0.54
17,3600.0,17.8,1.29,1.8,-0.51
17,2781.27,22.1,1.21,1.8,-0.59
21,3600.0,14.2,1.25,1.8,-0.55
20,1932.6,8.7,1.84,1.81,0.03
19,1827.2,16.8,1.59,1.81,-0.22
21,586.05,11.5,1.32,1.81,-0.49
20,1936.07,8.7,1.82,1.81,0.01
18,7035.83,19.2,1.95,1.81,0.14
18,5284.57,21.4,2.66,1.81,0.85
17,5582.4,19.7,1.82,1.81,0.01
19,2840.13,10.8,1.46,1.81,-0.35
22,0.0,25.0,1.0,1.82,-0.82
21,7017.85,5.8,1.8,1.82,-0.02
18,0.0,17.4,1.12,1.82,-0.7
16,7157.84,18.4,2.07,1.82,0.25
18,5533.71,17.6,1.89,1.82,0.07
18,3777.6,22.5,1.64,1.82,-0.18
21,2598.81,12.0,1.79,1.82,-0.03
19,468.61,16.3,1.65,1.82,-0.17
20,805.2,18.5,2.45,1.83,0.62
22,868.84,14.8,2.25,1.83,0.42
21,0.0,12.6,1.36,1.83,-0.47
20,4588.52,18.5,1.6,1.83,-0.23
19,238.57,10.0,1.49,1.83,-0.34
21,5968.67,14.8,1.79,1.84,-0.05
16,5124.74,7.3,1.7,1.84,-0.14
16,2944.86,8.1,1.79,1.84,-0.05
16,0.0,7.8,1.64,1.84,-0.2
20,1257.54,17.4,2.01,1.85,0.16
20,1269.93,17.4,2.02,1.85,0.17
16,2720.87,20.9,2.14,1.85,0.29
18,6813.09,5.1,1.56,1.85,-0.29
17,5175.72,6.1,1.68,1.85,-0.17
20,5372.49,17.3,1.91,1.85,0.06
20,5415.95,17.3,1.84,1.85,-0.01
17,6077.85,17.4,2.08,1.85,0.23
18,228.27,5.8,1.57,1.85,-0.28
17,51.07,6.2,1.99,1.85,0.14
18,3416.2,10.7,2.24,1.85,0.39
18,2047.24,17.1,1.68,1.86,-0.18
17,1483.15,9.2,1.79,1.86,-0.07
16,699.18,9.2,1.65,1.86,-0.21
15,1161.64,18.8,1.7,1.86,-0.16
16,6996.2,10.4,2.05,1.86,0.19
16,3937.36,17.7,2.04,1.87,0.17
16,1082.05,16.9,2.13,1.87,0.26
24,2385.7,27.4,1.78,1.87,-0.09
24,0.0,26.9,1.65,1.87,-0.22
16,2287.39,17.1,1.84,1.87,-0.03
24,0.0,27.0,1.35,1.87,-0.52
24,1630.31,28.0,1.8,1.88,-0.08
24,1162.75,29.3,1.02,1.88,-0.86
24,0.0,29.5,1.46,1.88,-0.42
19,1027.19,15.3,1.63,1.89,-0.26
20,3337.61,13.1,1.69,1.89,-0.2
19,6773.73,13.1,1.68,1.89,-0.21
20,6653.5,13.3,1.67,1.89,-0.22
21,0.0,25.7,1.87,1.9,-0.03
15,3856.68,5.1,1.44,1.9,-0.46
19,0.0,11.3,1.44,1.9,-0.46
18,4238.32,12.1,1.66,1.91,-0.25
16,4557.47,14.2,1.44,1.91,-0.47
16,1010.71,10.1,1.71,1.91,-0.2
16,3611.22,9.7,2.21,1.91,0.3
20,4588.0,15.3,1.76,1.92,-0.16
16,3843.77,13.8,1.65,1.92,-0.27
15,4668.36,16.8,2.32,1.92,0.4
16,0.0,11.8,1.52,1.92,-0.4
16,4480.98,14.0,1.98,1.92,0.06
15,1434.15,16.8,1.63,1.92,-0.29
15,6847.5,17.6,1.9,1.93,-0.03
15,5593.17,8.9,2.16,1.93,0.23
15,2982.92,8.9,1.54,1.93,-0.39
18,6573.44,13.9,1.99,1.94,0.05
17,1288.95,11.2,1.81,1.94,-0.13
18,5531.36,14.8,1.98,1.95,0.03
18,7006.58,14.6,1.86,1.95,-0.09
18,2750.74,12.7,2.15,1.95,0.2
24,11040.28,25.8,2.13,1.95,0.18
18,5539.36,14.8,1.97,1.95,0.02
18,7013.49,14.6,1.82,1.95,-0.13
18,2771.48,12.7,2.15,1.95,0.2
24,11053.44,25.8,2.16,1.95,0.21
18,0.0,12.7,1.67,1.95,-0.28
17,1270.1,12.8,1.5,1.95,-0.45
24,8972.24,26.1,1.79,1.95,-0.16
24,8323.44,25.8,1.31,1.95,-0.64
24,1439.16,37.5,2.17,1.95,0.22
24,0.0,38.5,1.96,1.95,0.01
24,0.0,40.0,1.1,1.95,-0.85
24,0.0,37.4,1.12,1.95,-0.83
15,4658.68,11.5,2.06,1.96,0.1
24,10315.22,8.1,1.69,1.96,-0.27
17,5441.67,14.8,2.35,1.97,0.38
18,2331.49,15.8,2.19,1.97,0.22
18,2354.03,15.8,2.16,1.97,0.19
14,0.0,16.4,1.5,1.97,-0.47
14,0.0,16.5,1.47,1.97,-0.5
17,2199.93,14.8,1.26,1.97,-0.71
15,307.87,13.5,1.99,1.98,0.01
15,134.09,15.1,1.64,2.0,-0.36
24,10203.45,10.1,2.1,2.01,0.09
24,9782.64,9.0,1.62,2.01,-0.39
24,9619.72,10.5,2.21,2.01,0.2
24,12278.52,8.9,2.35,2.01,0.34
24,9658.01,10.1,2.07,2.01,0.06
24,9944.01,33.2,1.13,2.02,-0.89
24,10876.71,34.6,2.53,2.02,0.51
14,2780.74,15.5,1.37,2.03,-0.66
14,6280.56,10.8,1.77,2.04,-0.27
24,8870.82,14.0,1.84,2.05,-0.21
24,15751.15,31.8,1.55,2.05,-0.5
24,8673.62,13.7,1.87,2.05,-0.18
24,11482.0,13.9,1.55,2.05,-0.5
24,9138.54,12.0,2.09,2.06,0.03
24,8366.67,24.3,1.83,2.06,-0.23
24,9148.56,12.0,2.1,2.06,0.04
24,13330.28,24.4,2.33,2.06,0.27
24,14804.9,24.8,1.77,2.06,-0.29
12,0.0,16.4,1.38,2.06,-0.68
24,8088.31,11.2,1.77,2.06,-0.29
24,11920.71,13.4,2.05,2.06,-0.01
24,14246.78,11.3,2.49,2.06,0.43
24,8283.39,14.1,2.23,2.07,0.16
24,7537.34,14.1,1.94,2.07,-0.13
20,7570.3,8.7,1.81,2.08,-0.27
24,12757.62,15.9,2.24,2.08,0.16
24,8412.48,15.9,2.09,2.08,0.01
20,7607.05,8.7,1.8,2.08,-0.28
24,9950.25,15.6,1.82,2.08,-0.26
22,14735.48,10.4,2.01,2.08,-0.07
14,5873.69,7.0,1.92,2.08,-0.16
20,8279.24,9.0,1.93,2.08,-0.15
22,10898.6,10.7,2.03,2.08,-0.05
22,10904.72,10.3,2.27,2.08,0.19
24,7179.1,14.8,1.86,2.09,-0.23
14,6566.5,9.9,2.53,2.09,0.44
23,14533.82,10.5,2.22,2.09,0.13
24,10412.75,16.4,2.36,2.1,0.26
24,12019.72,16.4,2.23,2.1,0.13
23,10490.43,9.2,2.0,2.1,-0.1
24,12228.69,16.3,2.28,2.1,0.18
24,12209.2,16.3,2.27,2.1,0.17
24,8303.38,15.4,2.22,2.1,0.12
23,10800.0,8.4,1.72,2.1,-0.38
23,8415.52,8.9,2.08,2.1,-0.02
22,12910.49,8.8,1.97,2.1,-0.13
24,9287.28,15.5,1.81,2.1,-0.29
24,10976.0,17.3,1.88,2.11,-0.23
24,7990.0,21.0,2.04,2.11,-0.07
23,962.17,28.0,1.8,2.11,-0.31
24,11029.43,17.3,1.87,2.11,-0.24
24,9672.87,17.7,2.37,2.11,0.26
24,12535.62,17.3,2.36,2.11,0.25
23,8824.09,16.2,1.92,2.11,-0.19
12,3112.1,17.2,1.88,2.11,-0.23
23,10556.39,16.4,1.83,2.11,-0.28
23,7855.09,16.5,1.72,2.11,-0.39
12,549.81,18.3,1.85,2.11,-0.26
24,15755.76,20.9,2.65,2.11,0.54
21,8603.72,16.2,1.72,2.12,-0.4
24,8967.09,16.9,2.3,2.12,0.18
24,12096.86,17.9,2.21,2.12,0.09
24,7538.07,18.2,1.99,2.12,-0.13
21,8644.25,16.2,1.84,2.12,-0.28
21,1921.86,27.8,1.87,2.12,-0.25
24,9258.41,16.8,2.04,2.12,-0.08
20,10896.03,9.7,1.88,2.12,-0.24
23,14358.02,15.7,2.17,2.12,0.05
24,9793.47,16.8,1.98,2.12,-0.14
22,8536.23,16.1,1.91,2.13,-0.22
24,11110.38,22.8,2.31,2.13,0.18
24,8292.96,23.1,2.18,2.13,0.05
24,10615.42,21.9,2.47,2.13,0.34
24,10800.0,22.4,2.05,2.13,-0.08
24,9271.08,22.2,2.03,2.13,-0.1
10,3995.77,9.5,1.61,2.13,-0.52
24,10795.13,21.3,2.19,2.13,0.06
24,10353.34,19.2,2.05,2.14,-0.09
22,5576.75,27.0,2.11,2.14,-0.03
10,4200.28,13.3,1.55,2.14,-0.59
22,0.0,26.5,1.39,2.14,-0.75
21,12558.23,15.0,1.93,2.14,-0.21
22,11338.63,16.6,2.47,2.14,0.33
21,9997.26,19.6,1.81,2.15,-0.34
21,10903.84,13.5,1.92,2.15,-0.23
23,9171.74,13.2,2.06,2.15,-0.09
23,13823.37,13.8,2.12,2.15,-0.03
21,10007.88,19.6,1.84,2.15,-0.31
21,10974.5,13.5,1.92,2.15,-0.23
23,12250.2,16.9,2.18,2.15,0.03
23,15282.46,13.3,2.34,2.15,0.19
23,13852.06,15.3,2.36,2.15,0.21
21,9414.5,12.5,2.21,2.15,0.06
21,9779.93,5.8,1.79,2.15,-0.36
10,2871.18,5.8,1.78,2.15,-0.37
23,13496.71,14.7,1.92,2.15,-0.23
21,15566.08,12.5,2.43,2.15,0.28
13,320.37,17.9,2.44,2.16,0.28
23,12168.45,11.6,2.06,2.16,-0.1
11,6524.09,14.2,2.47,2.16,0.31
21,14749.04,17.9,2.62,2.16,0.46
11,0.0,14.4,1.46,2.16,-0.7
9,0.0,12.7,1.87,2.16,-0.29
9,1342.61,12.9,1.78,2.16,-0.38
23,10866.01,11.9,2.28,2.16,0.12
23,8576.96,12.2,1.98,2.16,-0.18
21,14397.35,18.7,1.78,2.16,-0.38
23,11190.94,12.2,1.95,2.16,-0.21
22,13420.54,13.9,2.15,2.17,-0.02
23,7929.12,18.9,2.4,2.17,0.23
19,11778.67,7.2,2.06,2.17,-0.11
20,15466.79,5.2,2.29,2.17,0.12
19,14719.63,18.3,1.57,2.17,-0.6
24,12789.68,19.9,2.67,2.17,0.5
24,7325.85,20.4,2.29,2.17,0.12
12,2115.87,14.8,2.12,2.17,-0.05
18,14152.77,7.3,2.23,2.17,0.06
18,8684.43,7.2,1.95,2.17,-0.22
22,10075.75,11.3,2.4,2.17,0.23
22,8499.46,11.9,1.98,2.17,-0.19
24,9343.5,19.7,1.74,2.17,-0.43
20,7769.33,17.4,1.47,2.17,-0.7
19,9494.17,10.4,2.09,2.18,-0.09
19,14741.15,16.2,2.19,2.18,0.01
19,13064.08,10.3,2.25,2.18,0.07
19,9580.33,10.7,2.11,2.18,-0.07
19,9497.31,10.4,2.09,2.18,-0.09
17,14156.99,9.1,1.78,2.18,-0.4
23,14750.17,19.5,2.39,2.18,0.21
23,12152.94,19.4,2.51,2.18,0.33
24,9037.99,24.1,2.21,2.18,0.03
19,15621.51,10.7,2.17,2.18,-0.01
23,9132.61,19.1,1.87,2.18,-0.31
19,12031.37,8.5,2.66,2.18,0.48
13,0.0,5.0,1.52,2.18,-0.66
9,0.0,10.5,1.97,2.19,-0.22
18,12628.26,10.7,1.93,2.19,-0.26
17,11133.73,6.6,1.98,2.19,-0.21
14,525.79,25.6,1.72,2.19,-0.47
12,856.37,11.6,1.93,2.19,-0.26
10,0.0,8.9,1.74,2.19,-0.45
10,5671.65,8.8,2.34,2.19,0.15
19,13598.57,21.7,2.21,2.19,0.02
9,0.0,6.1,1.65,2.19,-0.54
17,13989.96,7.6,2.37,2.19,0.18
19,8620.94,21.4,1.55,2.19,-0.64
18,14194.25,10.5,2.47,2.19,0.28
19,2320.66,27.0,2.18,2.2,-0.02
23,2221.72,33.5,2.27,2.2,0.07
19,11202.11,19.9,2.08,2.2,-0.12
21,10930.88,20.2,1.75,2.2,-0.45
20,9796.9,11.9,2.04,2.2,-0.16
18,15202.58,5.9,2.13,2.2,-0.07
12,5114.38,5.6,2.01,2.2,-0.19
21,13214.63,21.7,2.42,2.2,0.22
21,13273.09,21.7,2.35,2.2,0.15
23,0.0,33.4,1.71,2.2,-0.49
23,4840.89,33.6,2.66,2.2,0.46
19,0.0,26.8,2.06,2.2,-0.14
23,12701.37,6.4,2.24,2.2,0.04
19,12525.25,7.0,2.11,2.2,-0.09
23,11102.96,7.0,2.24,2.2,0.04
20,9681.55,19.4,2.09,2.21,-0.12
20,10995.27,18.2,2.13,2.21,-0.08
10,186.65,19.5,2.05,2.21,-0.16
20,12001.26,18.9,2.52,2.21,0.31
20,9745.75,19.4,2.05,2.21,-0.16
20,11054.17,18.2,2.15,2.21,-0.06
20,14063.78,18.6,2.6,2.21,0.39
15,8278.49,4.8,1.47,2.21,-0.74
21,12544.93,22.2,2.35,2.21,0.14
11,3244.23,15.8,2.12,2.21,-0.09
19,13843.11,15.9,2.79,2.21,0.58
20,15728.18,18.4,2.55,2.21,0.34
20,14086.53,18.0,2.51,2.21,0.3
19,7790.08,14.3,2.0,2.22,-0.22
19,10045.19,10.2,2.31,2.22,0.09
18,13907.81,18.9,1.93,2.22,-0.29
21,10503.81,20.7,2.5,2.22,0.28
22,7677.38,22.6,1.69,2.22,-0.53
21,15580.31,20.6,2.54,2.22,0.32
20,13166.63,14.1,2.55,2.22,0.33
20,13870.01,12.5,2.88,2.22,0.66
24,12712.31,27.3,2.35,2.22,0.13
19,11805.73,15.5,2.1,2.23,-0.13
19,9170.14,15.4,2.15,2.23,-0.08
19,11373.41,15.5,1.78,2.23,-0.45
13,1398.0,15.6,2.29,2.23,0.06
19,11803.08,15.5,2.09,2.23,-0.14
19,7534.37,15.2,2.41,2.23,0.18
11,3321.79,12.0,2.42,2.23,0.19
11,3303.25,12.0,2.42,2.23,0.19
20,9218.33,13.9,2.37,2.23,0.14
19,10610.42,21.1,2.73,2.23,0.5
19,15083.18,21.2,2.18,2.23,-0.05
13,5919.44,14.6,2.68,2.23,0.45
20,10312.71,21.4,2.34,2.23,0.11
18,8274.79,10.1,2.14,2.23,-0.09
15,14534.5,9.2,1.96,2.23,-0.27
18,13177.51,19.5,1.99,2.23,-0.24
16,15661.54,16.3,2.61,2.24,0.37
15,11852.08,7.4,2.44,2.24,0.2
24,8224.35,37.8,1.17,2.24,-1.07
22,9241.32,19.9,2.73,2.24,0.49
20,14400.0,24.2,2.2,2.24,-0.04
19,10309.67,23.1,2.23,2.24,-0.01
16,12813.57,6.4,2.29,2.25,0.04
15,8374.2,14.3,1.91,2.25,-0.34
18,13971.68,16.5,2.62,2.25,0.37
15,11291.12,15.9,2.3,2.25,0.05
15,7490.92,16.1,2.11,2.25,-0.14
19,15568.88,11.8,2.67,2.26,0.41
19,14400.0,11.7,2.53,2.26,0.27
22,10576.51,24.6,1.77,2.26,-0.49
22,10002.97,24.5,2.26,2.26,0.0
16,9056.3,17.3,2.07,2.26,-0.19
18,13700.34,19.9,1.88,2.26,-0.38
16,15629.15,18.3,2.03,2.26,-0.23
19,7195.47,12.5,2.64,2.26,0.38
23,7391.59,23.7,2.2,2.27,-0.07
15,10147.09,15.5,2.38,2.27,0.11
12,4971.22,7.5,2.27,2.27,0.0
17,11705.04,17.1,1.83,2.27,-0.44
17,15267.08,16.8,2.69,2.27,0.42
24,17738.54,25.7,2.46,2.28,0.18
17,12154.82,14.0,2.13,2.28,-0.15
24,20594.51,25.8,2.4,2.28,0.12
17,10038.83,10.2,2.53,2.28,0.25
24,19283.09,26.0,2.45,2.28,0.17
24,18000.0,25.4,1.95,2.28,-0.33
17,10490.07,13.9,1.99,2.28,-0.29
17,10582.03,13.9,1.96,2.28,-0.32
17,12032.97,15.2,2.68,2.28,0.4
17,12331.9,20.3,2.51,2.28,0.23
17,14570.4,10.0,2.83,2.28,0.55
24,15875.97,25.6,2.16,2.28,-0.12
17,7899.72,11.5,2.0,2.28,-0.28
15,8821.88,19.7,2.25,2.28,-0.03
24,19995.58,25.4,2.95,2.28,0.67
14,12187.89,14.8,2.15,2.29,-0.14
18,15015.73,12.1,2.27,2.29,-0.02
17,14668.49,13.2,2.62,2.29,0.33
18,11589.91,14.6,2.34,2.29,0.05
18,14965.1,16.7,2.93,2.29,0.64
14,12241.93,14.8,2.13,2.29,-0.16
18,15018.88,12.1,2.27,2.29,-0.02
14,10187.58,14.8,1.47,2.29,-0.82
12,13823.67,16.6,2.18,2.29,-0.11
18,14816.89,15.6,2.55,2.29,0.26
18,14733.97,15.6,2.49,2.29,0.2
12,14256.99,16.3,2.47,2.29,0.18
17,9662.51,13.1,2.03,2.29,-0.26
15,13937.59,12.7,2.58,2.29,0.29
15,11322.57,11.1,2.04,2.29,-0.25
18,10563.2,12.7,2.36,2.3,0.06
24,15659.01,29.3,2.89,2.3,0.59
24,15689.25,28.5,3.0,2.3,0.7
10,1902.28,23.0,2.17,2.3,-0.13
13,2515.13,22.8,2.41,2.3,0.11
24,14428.09,28.2,2.29,2.3,-0.01
14,11397.33,14.0,2.68,2.31,0.37
14,7891.98,13.6,1.65,2.31,-0.66
18,14400.0,13.0,2.91,2.31,0.6
14,11403.71,14.0,2.63,2.31,0.32
17,14758.88,12.0,2.74,2.31,0.43
14,11558.82,13.8,2.58,2.31,0.27
16,15601.95,13.0,2.63,2.31,0.32
14,9568.21,14.3,2.32,2.31,0.01
17,11509.97,12.2,2.56,2.31,0.25
14,10936.31,14.0,2.13,2.31,-0.18
14,13019.59,18.3,1.75,2.32,-0.57
12,7200.0,15.6,2.15,2.32,-0.17
20,13597.65,23.4,2.18,2.32,-0.14
16,7636.37,12.7,2.1,2.32,-0.22
12,14509.0,15.3,2.39,2.33,0.06
14,12571.79,17.6,2.49,2.33,0.16
23,2346.14,37.2,2.5,2.33,0.17
12,11899.49,18.0,2.08,2.33,-0.25
22,11399.53,23.2,2.22,2.34,-0.12
17,12335.02,20.8,2.91,2.34,0.57
16,12982.96,11.9,2.61,2.34,0.27
16,15098.53,11.3,2.46,2.34,0.12
14,14937.69,13.4,2.75,2.35,0.4
18,13071.65,23.0,2.66,2.35,0.31
14,13425.74,20.1,2.28,2.36,-0.08
15,10750.94,22.1,2.35,2.36,-0.01
14,10249.43,7.6,2.09,2.36,-0.27
14,8128.03,6.4,2.03,2.37,-0.34
24,19920.34,25.2,2.13,2.37,-0.24
14,10722.42,5.2,2.49,2.37,0.12
14,8957.19,5.5,2.29,2.37,-0.08
12,12574.05,19.2,2.25,2.38,-0.13
13,12049.62,14.4,2.15,2.38,-0.23
13,8840.99,14.3,2.24,2.38,-0.14
11,10166.7,15.3,2.37,2.38,-0.01
14,10606.22,11.6,2.52,2.38,0.14
12,12130.5,13.1,1.83,2.38,-0.55
10,11101.48,15.1,2.31,2.39,-0.08
24,18494.55,21.8,2.6,2.39,0.21
10,7483.34,15.2,1.94,2.39,-0.45
24,18380.03,22.1,2.16,2.39,-0.23
12,11429.8,11.9,1.74,2.4,-0.66
11,11412.13,16.6,2.78,2.4,0.38
14,10900.11,20.8,2.01,2.4,-0.39
9,13531.02,14.1,2.19,2.41,-0.22
9,7275.84,14.5,2.5,2.41,0.09
24,17053.21,16.0,2.33,2.41,-0.08
24,17244.72,23.5,2.13,2.42,-0.29
24,20395.31,22.8,2.44,2.42,0.02
8,796.31,14.1,2.25,2.42,-0.17
24,19918.04,23.5,1.63,2.42,-0.79
24,18631.76,22.6,1.78,2.42,-0.64
24,17569.67,23.5,2.49,2.42,0.07
24,18607.64,23.7,2.69,2.42,0.27
24,17954.57,22.4,2.79,2.42,0.37
19,4116.43,32.1,2.15,2.42,-0.27
10,14026.6,12.2,2.49,2.42,0.07
8,1675.16,10.3,1.72,2.42,-0.7
24,16373.55,8.7,2.19,2.42,-0.23
24,20223.74,8.7,2.52,2.42,0.1
13,7657.56,19.1,2.33,2.42,-0.09
11,7474.95,13.3,2.56,2.42,0.14
24,16602.83,22.2,2.75,2.42,0.33
24,17796.43,17.6,2.74,2.43,0.31
8,1443.48,18.4,2.29,2.43,-0.14
12,10402.72,19.9,2.36,2.43,-0.07
24,19970.84,17.7,2.93,2.43,0.5
24,16093.92,19.5,2.39,2.44,-0.05
24,19722.65,19.5,2.32,2.44,-0.12
17,7376.67,22.8,3.0,2.44,0.56
13,13483.18,20.1,2.35,2.44,-0.09
8,6590.65,16.8,2.37,2.44,-0.07
11,13544.98,11.1,1.55,2.44,-0.89
10,15036.08,17.1,2.63,2.44,0.19
13,13152.17,11.2,2.46,2.44,0.02
13,13443.68,11.3,2.37,2.44,-0.07
13,12988.23,12.0,2.37,2.44,-0.07
11,10263.84,12.5,2.49,2.44,0.05
24,15839.51,12.9,2.3,2.44,-0.14
24,18845.93,14.0,2.52,2.44,0.08
13,13941.48,20.4,2.12,2.44,-0.32
10,9099.53,16.7,2.12,2.44,-0.32
24,19841.77,19.9,2.38,2.45,-0.07
24,19936.23,19.9,2.39,2.45,-0.06
24,18008.87,20.3,2.5,2.45,0.05
24,18960.9,19.9,2.53,2.45,0.08
11,13903.5,11.8,2.74,2.45,0.29
24,18074.74,20.1,2.91,2.45,0.46
10,14750.4,10.0,2.56,2.45,0.11
24,18923.68,11.4,2.34,2.45,-0.11
24,18678.76,11.2,2.61,2.45,0.16
11,13478.73,18.9,2.56,2.45,0.11
22,17602.13,16.0,1.85,2.46,-0.61
22,1031.38,31.8,2.57,2.46,0.11
22,1151.55,32.8,2.0,2.46,-0.46
16,15240.05,23.9,2.64,2.46,0.18
8,2880.65,15.9,2.53,2.46,0.07
11,14536.89,9.3,2.69,2.46,0.23
11,11974.58,8.7,2.05,2.46,-0.41
16,11437.72,23.4,1.78,2.46,-0.68
17,14644.05,23.6,2.23,2.46,-0.23
12,11246.94,6.8,1.67,2.46,-0.79
23,15532.22,27.7,2.43,2.47,-0.04
15,7367.35,23.0,2.82,2.47,0.35
23,19618.85,21.8,2.13,2.47,-0.34
23,17969.88,21.4,2.09,2.47,-0.38
23,17800.13,21.9,1.77,2.47,-0.7
23,15756.23,22.6,1.91,2.47,-0.56
23,12091.11,27.7,2.85,2.47,0.38
10,13441.76,20.2,2.54,2.47,0.07
17,3546.47,27.3,1.92,2.47,-0.55
9,15073.48,16.3,2.47,2.47,0.0
6,3409.87,10.8,2.2,2.47,-0.27
24,20144.19,13.0,2.79,2.47,0.32
23,18811.1,23.0,2.7,2.47,0.23
13,11465.37,20.7,2.54,2.47,0.07
6,5668.74,9.5,2.37,2.48,-0.11
22,17333.96,17.9,2.03,2.48,-0.45
6,4274.58,10.2,2.6,2.48,0.12
20,10360.95,27.5,2.01,2.48,-0.47
9,12020.61,19.8,2.4,2.48,-0.08
22,18134.17,16.9,2.28,2.49,-0.21
10,8519.07,21.5,2.21,2.49,-0.28
22,17782.1,17.0,1.91,2.49,-0.58
22,14713.57,27.2,2.68,2.49,0.19
6,227.01,11.6,1.84,2.49,-0.65
23,17519.47,12.4,1.98,2.49,-0.51
23,18156.5,12.5,2.45,2.49,-0.04
23,14041.46,28.5,2.43,2.5,-0.07
9,13667.28,17.4,3.18,2.5,0.68
9,12403.45,17.3,2.58,2.5,0.08
13,14432.81,7.2,2.49,2.5,-0.01
11,15225.56,5.2,2.43,2.5,-0.07
8,4631.57,8.7,2.57,2.5,0.07
23,16534.92,17.5,2.36,2.51,-0.15
24,23789.61,25.2,2.78,2.51,0.27
24,23703.47,24.5,2.64,2.51,0.13
7,6544.79,12.0,2.57,2.51,0.06
24,21692.04,24.4,2.21,2.51,-0.3
23,18496.66,19.1,2.56,2.52,0.04
19,18813.54,21.3,2.6,2.52,0.08
23,18866.25,20.3,2.02,2.52,-0.5
21,17040.33,17.7,2.41,2.52,-0.11
5,6324.02,8.9,1.96,2.52,-0.56
21,15869.74,16.5,2.02,2.53,-0.51
20,19543.52,8.3,2.63,2.53,0.1
23,20525.12,21.1,2.73,2.53,0.2
8,14751.12,14.5,2.5,2.53,-0.03
19,16802.25,17.3,2.0,2.53,-0.53
23,20163.61,20.7,2.51,2.53,-0.02
20,19026.43,7.9,2.32,2.53,-0.21
19,18031.94,15.9,2.05,2.53,-0.48
24,21857.41,10.4,2.21,2.53,-0.32
23,19898.62,20.9,2.96,2.53,0.43
23,19347.08,14.9,3.02,2.54,0.48
23,18736.63,15.0,2.19,2.54,-0.35
22,18294.82,15.4,2.01,2.54,-0.53
9,12830.65,4.8,2.43,2.54,-0.11
23,18886.57,18.4,1.8,2.54,-0.74
23,17634.34,15.2,2.5,2.54,-0.04
6,2239.05,7.2,2.36,2.54,-0.18
14,9832.14,23.9,2.48,2.54,-0.06
19,17894.42,17.0,2.62,2.54,0.08
1,4795.89,10.1,1.85,2.54,-0.69
19,16686.17,17.9,2.23,2.54,-0.31
19,17615.23,16.8,2.06,2.54,-0.48
21,19863.31,19.5,2.77,2.55,0.22
21,17698.38,19.4,2.51,2.55,-0.04
22,21002.46,14.3,2.88,2.55,0.33
24,21240.47,22.2,2.91,2.55,0.36
24,22344.71,22.9,2.75,2.55,0.2
20,18363.9,17.0,2.9,2.55,0.35
24,22412.03,23.0,2.51,2.55,-0.04
22,20861.91,21.4,2.72,2.55,0.17
22,18190.19,13.6,2.54,2.55,-0.01
22,20933.91,21.4,2.68,2.55,0.13
24,22889.99,22.6,2.21,2.55,-0.34
22,17568.32,15.0,2.34,2.55,-0.21
23,19278.97,10.7,2.36,2.55,-0.19
23,16604.73,14.1,2.47,2.55,-0.08
24,19471.14,27.2,2.96,2.56,0.4
21,18338.12,23.1,2.49,2.56,-0.07
19,18522.55,20.9,2.13,2.56,-0.43
20,17698.13,21.3,2.52,2.56,-0.04
24,18000.0,27.5,1.85,2.56,-0.71
18,16184.85,5.0,2.21,2.56,-0.35
24,23171.73,12.6,2.5,2.56,-0.06
24,22073.75,12.9,2.78,2.56,0.22
20,18892.15,18.4,2.12,2.57,-0.45
24,22088.91,17.8,2.57,2.57,0.0
22,18170.63,20.0,3.0,2.57,0.43
22,17925.05,20.2,3.12,2.57,0.55
20,17442.52,18.4,2.52,2.57,-0.05
15,14834.9,26.0,2.71,2.57,0.14
8,8725.35,15.6,1.77,2.57,-0.8
20,19032.91,20.9,2.38,2.57,-0.19
20,17618.61,8.7,2.36,2.57,-0.21
24,21249.45,19.1,2.72,2.57,0.15
23,18659.01,11.6,2.96,2.58,0.38
24,23086.68,21.1,2.6,2.58,0.02
24,22995.2,20.3,2.9,2.58,0.32
21,17823.34,13.4,2.63,2.58,0.05
24,23279.1,20.7,2.74,2.58,0.16
23,18687.07,11.6,2.95,2.58,0.37
24,21091.93,17.4,2.15,2.58,-0.43
8,7422.23,13.2,2.62,2.58,0.04
8,11322.66,13.3,2.42,2.58,-0.16
16,19982.79,6.9,2.67,2.58,0.09
24,19082.22,29.0,2.36,2.58,-0.22
24,23229.58,19.8,1.63,2.58,-0.95
24,16148.06,28.5,2.37,2.58,-0.21
5,0.0,21.7,2.2,2.58,-0.38
19,18375.51,19.5,3.05,2.58,0.47
8,11387.06,18.6,2.0,2.58,-0.58
8,10852.9,13.5,2.22,2.58,-0.36
16,19041.43,6.5,1.99,2.58,-0.59
21,20332.88,12.8,2.6,2.58,0.02
16,18566.69,6.6,2.66,2.58,0.08
8,12570.28,13.5,2.37,2.58,-0.21
8,15399.26,12.8,2.83,2.58,0.25
18,17095.03,20.2,2.61,2.59,0.02
24,21398.4,14.8,3.19,2.59,0.6
24,24135.18,15.3,2.83,2.59,0.24
9,11118.77,23.4,1.92,2.59,-0.67
24,24926.34,25.3,2.37,2.59,-0.22
8,11749.84,16.9,2.52,2.59,-0.07
24,21706.61,15.2,2.46,2.59,-0.13
22,18806.55,8.4,2.32,2.59,-0.27
24,18015.72,33.6,2.96,2.6,0.36
22,20441.61,20.6,3.3,2.6,0.7
24,17452.99,33.4,1.33,2.6,-1.27
19,20112.88,10.9,2.46,2.6,-0.14
24,19640.5,32.4,2.86,2.6,0.26
19,20050.03,10.9,2.47,2.6,-0.13
24,18612.46,33.0,3.29,2.6,0.69
24,16534.99,32.8,2.87,2.6,0.27
20,20815.12,10.7,2.69,2.6,0.09
19,20762.17,11.6,2.81,2.6,0.21
8,10578.84,17.3,2.49,2.6,-0.11
19,16897.89,11.2,1.79,2.6,-0.81
23,20380.7,6.6,2.76,2.6,0.16
21,18617.16,10.5,2.81,2.6,0.21
20,20058.87,10.7,2.68,2.6,0.08
18,20750.03,17.4,2.76,2.6,0.16
20,19864.55,11.6,3.1,2.61,0.49
20,20514.59,14.9,3.03,2.61,0.42
22,13052.96,28.7,2.34,2.61,-0.27
21,19621.05,5.2,3.05,2.61,0.44
20,15882.62,11.2,2.74,2.61,0.13
21,5858.41,36.2,2.76,2.62,0.14
24,23254.71,13.1,2.37,2.62,-0.25
17,20219.33,7.8,2.25,2.63,-0.38
20,19314.64,23.5,2.52,2.63,-0.11
8,14598.6,9.7,2.48,2.63,-0.15
12,11549.99,23.5,2.76,2.63,0.13
21,17777.69,10.0,2.26,2.64,-0.38
15,791.19,27.8,2.86,2.65,0.21
18,16592.69,14.1,2.68,2.65,0.03
17,16097.61,16.3,2.59,2.65,-0.06
23,16706.68,25.8,2.57,2.65,-0.08
11,13087.36,22.8,3.14,2.65,0.49
17,20058.57,20.2,3.08,2.65,0.43
8,14847.56,8.7,2.48,2.65,-0.17
11,14775.83,22.9,2.37,2.65,-0.28
17,18582.14,20.4,2.35,2.65,-0.3
11,9093.67,23.1,2.83,2.65,0.18
2,6532.82,9.1,2.52,2.65,-0.13
22,18441.39,10.1,2.96,2.65,0.31
22,19872.35,9.5,2.35,2.65,-0.3
22,23271.46,17.1,2.53,2.66,-0.13
16,18439.8,16.8,2.62,2.66,-0.04
22,23325.59,17.1,2.54,2.66,-0.12
24,22858.9,28.4,2.05,2.66,-0.61
17,20079.11,15.6,2.44,2.66,-0.22
17,19021.31,18.4,2.08,2.66,-0.58
17,19864.03,18.9,3.39,2.66,0.73
16,19576.17,16.7,2.44,2.66,-0.22
24,21617.99,28.7,2.39,2.66,-0.27
5,5140.99,17.7,2.28,2.66,-0.38
14,20002.91,7.2,2.23,2.66,-0.43
23,24143.24,8.3,2.61,2.66,-0.05
15,16570.08,14.2,2.25,2.66,-0.41
17,20920.28,13.7,2.79,2.67,0.12
16,18000.0,13.1,2.45,2.67,-0.22
13,19494.94,13.8,2.95,2.67,0.28
18,16534.92,11.0,2.43,2.67,-0.24
16,19132.26,14.2,2.84,2.67,0.17
8,14622.31,3.9,2.54,2.67,-0.13
10,17210.64,13.0,1.83,2.67,-0.84
17,19786.1,13.2,2.13,2.67,-0.54
10,17151.9,13.4,1.82,2.67,-0.85
17,17005.57,21.1,2.69,2.67,0.02
17,16938.98,21.1,2.67,2.67,0.0
14,16955.67,15.3,2.47,2.67,-0.2
14,20611.84,16.1,2.94,2.67,0.27
12,17134.76,14.8,1.96,2.67,-0.71
6,5198.88,15.3,2.58,2.67,-0.09
13,18152.22,13.8,3.22,2.67,0.55
11,18503.71,13.0,2.78,2.67,0.11
17,15870.99,13.1,2.13,2.67,-0.54
23,22384.54,11.7,2.51,2.67,-0.16
10,20619.35,13.2,3.15,2.67,0.48
16,16797.76,14.3,2.23,2.67,-0.44
23,22020.27,16.9,2.62,2.68,-0.06
23,21814.64,14.8,2.42,2.68,-0.26
23,19449.19,24.3,2.94,2.68,0.26
23,24021.55,22.9,2.8,2.68,0.12
14,18185.29,14.7,2.57,2.68,-0.11
23,22040.18,16.9,2.64,2.68,-0.04
23,21908.9,14.8,2.46,2.68,-0.22
23,22788.03,16.0,2.77,2.68,0.09
23,23525.96,15.3,3.02,2.68,0.34
10,17848.96,14.5,2.41,2.68,-0.27
16,18339.67,15.9,2.71,2.68,0.03
16,18000.0,16.0,2.35,2.68,-0.33
15,18350.7,15.3,2.64,2.68,-0.04
14,18046.23,17.1,3.1,2.68,0.42
17,17573.56,14.5,3.1,2.68,0.42
14,20208.55,16.9,3.03,2.68,0.35
15,17274.07,18.2,3.16,2.68,0.48
18,18420.29,12.9,2.97,2.68,0.29
18,17051.52,12.4,2.61,2.68,-0.07
10,17864.97,14.2,2.54,2.68,-0.14
23,23021.46,9.6,2.78,2.68,0.1
23,17137.61,24.2,2.84,2.68,0.16
23,22132.23,19.7,2.74,2.69,0.05
23,21258.91,19.5,2.76,2.69,0.07
23,21637.53,18.0,2.66,2.69,-0.03
18,20111.93,10.2,2.92,2.69,0.23
6,13893.8,9.9,2.85,2.69,0.16
1,1413.02,11.4,2.02,2.69,-0.67
24,16411.56,31.6,2.93,2.69,0.24
7,15427.96,7.7,2.34,2.69,-0.35
21,23072.49,16.9,2.52,2.7,-0.18
17,16975.96,22.4,3.23,2.7,0.53
24,26406.45,13.7,2.46,2.7,-0.24
21,23169.0,16.9,2.51,2.7,-0.19
11,20588.76,15.3,3.11,2.7,0.41
15,20025.11,23.1,2.41,2.7,-0.29
21,24006.59,17.2,2.4,2.7,-0.3
13,16945.26,16.2,2.06,2.7,-0.64
18,5571.31,31.4,2.66,2.7,-0.04
14,17159.74,19.0,2.69,2.7,-0.01
13,21072.6,16.5,2.69,2.7,-0.01
15,18800.62,22.7,3.08,2.7,0.38
13,16330.64,15.3,2.52,2.7,-0.18
13,19915.43,15.0,3.15,2.7,0.45
23,23139.43,16.5,2.76,2.7,0.06
11,19894.69,19.1,2.24,2.7,-0.46
22,23403.06,15.5,3.0,2.71,0.29
24,24372.12,16.1,2.56,2.71,-0.15
21,21157.15,19.5,2.27,2.71,-0.44
22,23474.09,15.5,2.93,2.71,0.22
14,16130.54,6.5,2.55,2.71,-0.16
10,18280.8,15.1,2.58,2.71,-0.13
24,31427.78,26.0,2.23,2.71,-0.48
16,19968.64,21.4,2.86,2.71,0.15
10,17258.0,14.8,2.87,2.71,0.16
4,5013.28,10.2,2.63,2.72,-0.09
21,23108.5,16.3,2.44,2.72,-0.28
22,22797.3,13.7,3.0,2.72,0.28
4,5025.6,10.2,2.57,2.72,-0.15
13,16950.7,12.4,2.99,2.72,0.27
22,23738.77,14.0,2.41,2.72,-0.31
13,16622.17,12.5,1.67,2.72,-1.05
15,20411.35,21.3,3.11,2.72,0.39
20,14725.51,28.2,2.53,2.72,-0.19
6,12330.49,12.0,2.59,2.72,-0.13
16,19858.94,12.8,3.13,2.72,0.41
6,13681.31,7.4,2.89,2.72,0.17
21,23212.28,15.6,2.68,2.73,-0.05
21,22788.71,15.6,2.96,2.73,0.23
13,20214.83,18.1,2.58,2.73,-0.15
17,19995.86,12.4,2.92,2.73,0.19
14,19648.65,18.6,2.86,2.73,0.13
6,13174.28,8.8,2.61,2.73,-0.12
17,19495.18,12.4,2.81,2.73,0.08
23,22827.38,18.4,2.4,2.73,-0.33
22,22080.3,18.9,2.45,2.74,-0.29
20,22701.27,16.8,2.94,2.74,0.2
22,22106.82,18.9,2.44,2.74,-0.3
20,22776.57,16.8,2.93,2.74,0.19
16,19305.46,10.3,3.2,2.74,0.46
17,4828.73,32.6,2.88,2.74,0.14
12,20139.19,12.9,3.08,2.74,0.34
12,19436.21,12.9,2.75,2.74,0.01
16,20544.82,10.7,2.42,2.74,-0.32
7,14984.27,6.8,2.93,2.74,0.19
10,16903.51,12.2,2.32,2.74,-0.42
15,17204.86,8.9,2.64,2.74,-0.1
7,10577.79,6.6,2.18,2.74,-0.56
20,22621.57,16.7,2.55,2.74,-0.19
24,26159.99,24.1,2.98,2.75,0.23
20,22051.67,16.1,2.57,2.75,-0.18
16,21076.01,11.7,2.93,2.75,0.18
20,21579.63,13.8,2.91,2.75,0.16
20,22566.9,19.0,2.7,2.75,-0.05
12,15923.89,9.2,2.48,2.75,-0.27
11,18160.84,10.2,2.0,2.75,-0.75
17,18091.29,10.9,3.14,2.75,0.39
14,2241.48,31.1,3.23,2.75,0.48
14,4081.32,29.1,2.73,2.75,-0.02
12,18133.62,9.3,2.53,2.75,-0.22
10,16880.93,9.9,3.1,2.75,0.35
12,17508.02,8.8,2.87,2.75,0.12
17,15825.67,10.5,2.72,2.75,-0.03
10,17649.7,17.9,2.87,2.75,0.12
13,18603.15,20.2,2.65,2.75,-0.1
16,16655.33,12.1,2.41,2.75,-0.34
12,19189.32,8.7,2.27,2.75,-0.48
9,16292.45,13.4,2.82,2.75,0.07
15,20475.57,11.8,2.39,2.75,-0.36
24,27188.3,12.5,2.57,2.75,-0.18
19,21501.13,13.2,2.55,2.75,-0.2
19,22538.87,19.2,2.25,2.76,-0.51
24,25301.26,21.3,3.46,2.76,0.7
24,25886.0,16.8,3.12,2.76,0.36
24,25529.64,18.8,2.99,2.76,0.23
24,25390.26,22.4,2.74,2.76,-0.02
16,20576.54,11.1,3.37,2.76,0.61
19,22121.21,16.6,3.23,2.76,0.47
24,26733.74,14.5,2.13,2.76,-0.63
24,26150.62,21.3,2.17,2.76,-0.59
19,23101.23,19.9,1.99,2.76,-0.77
14,20229.37,23.8,2.51,2.76,-0.25
21,17879.15,24.3,2.91,2.76,0.15
14,20179.22,23.8,2.46,2.76,-0.3
24,20650.13,37.9,2.34,2.76,-0.42
12,15779.36,10.3,2.79,2.76,0.03
12,18993.4,10.2,2.91,2.76,0.15
10,16547.29,18.5,2.51,2.76,-0.25
10,15995.39,21.1,2.59,2.76,-0.17
12,19220.85,10.3,2.69,2.76,-0.07
12,18944.31,10.4,2.4,2.76,-0.36
8,17491.81,14.3,1.88,2.76,-0.88
17,15855.66,8.9,2.89,2.76,0.13
20,22990.13,15.0,2.34,2.76,-0.42
14,16696.57,10.9,2.41,2.76,-0.35
16,16874.29,8.4,2.78,2.76,0.02
20,22472.93,12.2,3.06,2.77,0.29
24,27649.46,13.6,2.78,2.77,0.01
20,23695.18,18.8,2.85,2.77,0.08
10,18309.78,10.7,2.74,2.77,-0.03
19,21600.0,12.5,3.01,2.77,0.24
19,21475.42,14.9,2.76,2.77,-0.01
19,21600.0,12.5,3.0,2.77,0.23
15,2050.21,28.9,2.43,2.77,-0.34
14,20401.82,11.3,2.77,2.77,0.0
20,22013.15,11.8,2.86,2.77,0.09
23,20217.65,28.3,2.93,2.77,0.16
13,16106.08,7.2,2.65,2.77,-0.12
13,18836.38,7.7,2.35,2.77,-0.42
19,22013.44,12.6,2.58,2.77,-0.19
20,21870.96,10.7,2.51,2.77,-0.26
9,20139.2,20.9,2.43,2.78,-0.35
13,19316.64,11.6,2.97,2.78,0.19
9,16093.84,15.3,2.6,2.78,-0.18
19,21274.81,15.3,2.83,2.78,0.05
7,13920.47,18.8,2.94,2.78,0.16
9,18772.18,15.3,2.58,2.78,-0.2
6,12049.11,13.7,2.5,2.78,-0.28
21,16661.87,25.4,2.75,2.78,-0.03
14,19049.38,12.0,2.79,2.78,0.01
12,19413.83,7.6,2.91,2.78,0.13
23,21061.41,27.3,2.61,2.79,-0.18
23,23372.27,23.2,2.51,2.79,-0.28
14,16215.3,10.1,2.57,2.79,-0.22
10,19562.14,8.1,2.81,2.79,0.02
24,22293.63,29.7,1.86,2.79,-0.93
23,19552.5,27.0,3.25,2.79,0.46
20,7350.92,31.0,2.86,2.79,0.07
14,14404.12,27.9,2.73,2.79,-0.06
9,20254.23,16.1,3.02,2.79,0.23
9,20817.5,16.0,2.79,2.79,0.0
9,20587.19,16.1,2.96,2.79,0.17
14,20751.21,9.6,2.82,2.79,0.03
9,20930.7,10.2,2.77,2.79,-0.02
24,21382.96,31.2,2.7,2.79,-0.09
24,25645.06,20.3,2.82,2.8,0.02
19,21980.57,18.5,2.92,2.8,0.12
19,21844.11,18.8,3.02,2.8,0.22
24,26429.91,20.1,3.4,2.8,0.6
19,22375.19,18.9,3.27,2.8,0.47
21,22351.14,9.4,2.89,2.8,0.09
24,26905.58,15.1,3.1,2.8,0.3
24,25716.43,20.3,2.78,2.8,-0.02
19,22009.83,18.5,2.71,2.8,-0.09
24,27166.68,15.5,2.88,2.8,0.08
24,26666.95,15.3,2.41,2.8,-0.39
20,25582.25,24.2,1.61,2.8,-1.19
13,20292.51,10.3,2.92,2.8,0.12
13,20310.57,10.3,2.92,2.8,0.12
8,17568.16,12.7,2.87,2.8,0.07
5,10903.07,12.5,2.36,2.8,-0.44
13,20444.55,9.7,2.47,2.8,-0.33
24,28327.94,13.2,3.18,2.8,0.38
11,18636.68,6.5,2.72,2.81,-0.09
16,19255.72,9.4,2.43,2.81,-0.38
2,14989.78,8.5,2.39,2.81,-0.42
13,20783.58,6.3,2.7,2.81,-0.11
2,9568.04,7.4,2.29,2.81,-0.52
24,28313.58,16.0,2.93,2.81,0.12
13,20789.88,6.5,2.89,2.81,0.08
11,20075.69,6.6,2.94,2.81,0.13
10,17202.12,6.0,2.36,2.82,-0.46
18,23116.24,20.1,2.96,2.82,0.14
18,23068.34,20.1,2.85,2.82,0.03
17,18320.71,9.4,2.09,2.82,-0.73
17,20424.64,9.5,3.25,2.82,0.43
17,20164.46,10.1,2.78,2.82,-0.04
12,17333.7,6.5,2.12,2.82,-0.7
10,20486.21,6.1,2.81,2.82,-0.01
12,19986.36,6.3,3.1,2.82,0.28
17,21070.57,9.4,3.11,2.82,0.29
18,24117.2,13.5,2.51,2.83,-0.32
4,13233.88,6.1,2.49,2.83,-0.34
18,22090.82,13.4,2.92,2.83,0.09
9,17115.26,16.9,2.89,2.83,0.06
6,14680.11,15.7,2.68,2.83,-0.15
24,21653.43,32.6,2.49,2.83,-0.34
6,10267.96,17.2,2.67,2.83,-0.16
4,7777.07,7.0,2.59,2.83,-0.24
18,23025.74,14.7,2.78,2.84,-0.06
18,22706.55,16.9,2.99,2.84,0.15
18,21359.85,16.6,2.02,2.84,-0.82
24,27347.35,23.0,2.68,2.84,-0.16
18,23281.17,14.8,2.87,2.84,0.03
24,28234.9,23.1,3.01,2.84,0.17
24,27413.5,23.0,2.64,2.84,-0.2
22,24665.03,15.1,2.49,2.84,-0.35
13,15263.42,26.8,2.54,2.84,-0.3
22,24879.06,15.5,2.7,2.84,-0.14
15,23178.62,7.2,2.39,2.85,-0.46
19,25466.75,13.5,2.18,2.85,-0.67
23,26241.62,16.2,3.22,2.85,0.37
15,23258.0,7.2,2.38,2.85,-0.47
19,25573.67,13.5,2.13,2.85,-0.72
18,21687.19,15.5,2.83,2.85,-0.02
24,28361.89,20.5,2.79,2.85,-0.06
23,26098.29,24.2,3.13,2.85,0.28
24,27634.27,20.6,2.97,2.85,0.12
2,1759.09,14.9,2.41,2.85,-0.44
1,4043.1,13.0,2.9,2.85,0.05
22,25657.23,14.8,3.15,2.85,0.3
24,27977.56,23.4,2.84,2.85,-0.01
18,24038.38,18.3,3.06,2.86,0.2
24,33050.28,25.5,2.23,2.86,-0.63
24,27461.03,21.9,2.89,2.86,0.03
18,22934.54,18.2,3.07,2.86,0.21
23,23020.25,26.9,2.96,2.86,0.1
23,24131.96,26.8,2.97,2.86,0.11
7,15379.98,23.3,3.11,2.86,0.25
21,25151.76,9.2,2.39,2.86,-0.47
19,24293.91,17.1,2.85,2.87,-0.02
19,25235.05,16.5,2.75,2.87,-0.12
19,25840.44,16.7,2.73,2.87,-0.14
24,28611.75,16.9,3.04,2.87,0.17
21,23337.8,21.1,3.7,2.87,0.83
19,24333.94,17.1,2.82,2.87,-0.05
19,25317.76,16.5,2.7,2.87,-0.17
23,26229.7,13.4,3.05,2.87,0.18
8,17016.51,16.8,2.76,2.87,-0.11
23,24758.16,17.7,2.49,2.87,-0.38
23,25496.56,13.3,2.88,2.87,0.01
20,25829.66,14.1,2.51,2.88,-0.37
19,26183.22,18.4,2.92,2.88,0.04
19,25412.72,18.9,2.56,2.88,-0.32
20,25875.7,14.1,2.49,2.88,-0.39
19,26256.9,18.4,2.91,2.88,0.03
20,24857.99,14.5,3.0,2.88,0.12
22,25230.84,24.7,2.81,2.88,-0.07
14,23822.41,7.2,2.46,2.88,-0.42
19,24672.22,17.6,2.84,2.88,-0.04
20,21194.04,24.0,2.77,2.88,-0.11
21,25539.46,13.8,2.99,2.88,0.11
20,26166.65,15.6,3.03,2.88,0.15
19,24605.3,17.6,2.82,2.88,-0.06
21,25413.25,17.2,3.15,2.88,0.27
19,25416.28,18.9,2.88,2.88,0.0
8,20175.83,18.3,2.88,2.88,0.0
2,1217.84,16.1,2.63,2.88,-0.25
8,19029.84,10.9,2.93,2.88,0.05
23,20422.77,31.7,2.97,2.88,0.09
19,26150.32,14.8,2.76,2.88,-0.12
17,21721.25,13.3,2.65,2.88,-0.23
21,24649.79,16.9,2.61,2.88,-0.27
22,24287.46,12.6,2.81,2.88,-0.07
17,21201.2,19.6,2.48,2.88,-0.4
19,25662.17,19.6,2.94,2.89,0.05
23,25535.11,19.6,3.15,2.89,0.26
23,24494.04,26.7,2.23,2.89,-0.66
21,25437.79,15.4,3.29,2.89,0.4
20,24820.99,16.7,2.99,2.89,0.1
23,24967.07,19.5,2.66,2.89,-0.23
8,17278.28,17.3,2.83,2.89,-0.06
21,25391.41,15.4,3.24,2.89,0.35
20,24764.92,16.7,2.97,2.89,0.08
12,3783.7,33.2,2.44,2.89,-0.45
8,20031.61,5.3,2.46,2.89,-0.43
23,26790.03,10.1,2.52,2.89,-0.37
5,8081.12,15.1,2.85,2.89,-0.04
8,17378.03,17.3,2.95,2.89,0.06
17,23588.12,14.2,3.24,2.89,0.35
22,26213.19,17.4,2.88,2.89,-0.01
16,23275.58,14.8,2.56,2.9,-0.34
19,23349.43,9.7,3.62,2.9,0.72
24,30893.98,13.5,2.93,2.9,0.03
16,23309.63,14.8,2.6,2.9,-0.3
20,25767.06,14.9,2.86,2.9,-0.04
20,25256.77,11.5,3.59,2.9,0.69
20,26181.22,13.4,4.02,2.9,1.12
19,26219.96,6.5,2.96,2.9,0.06
17,24083.4,16.7,2.64,2.9,-0.26
14,24629.88,6.0,2.23,2.9,-0.67
12,23379.88,19.5,3.42,2.9,0.52
5,14302.97,16.1,2.94,2.9,0.04
22,25615.87,22.4,2.76,2.9,-0.14
20,25368.79,17.9,2.46,2.9,-0.44
24,29681.9,21.0,2.47,2.9,-0.43
19,25328.93,7.7,2.81,2.9,-0.09
20,24628.27,19.7,2.93,2.9,0.03
17,23807.29,14.8,2.62,2.9,-0.28
23,28292.89,14.9,2.56,2.91,-0.35
22,22555.68,25.3,3.17,2.91,0.26
7,20612.48,12.0,2.84,2.91,-0.07
24,29572.54,23.6,2.92,2.91,0.01
24,29782.36,18.4,2.72,2.91,-0.19
23,25137.61,25.5,3.11,2.91,0.2
24,29666.74,23.6,2.86,2.91,-0.05
17,23256.15,16.0,3.76,2.91,0.85
16,23336.24,13.8,3.56,2.91,0.65
7,16862.4,12.9,3.07,2.91,0.16
2,1361.51,16.6,2.39,2.91,-0.52
16,22802.98,12.8,2.79,2.92,-0.13
16,24049.86,12.3,2.73,2.92,-0.19
16,22855.03,12.8,2.78,2.92,-0.14
24,31682.02,14.9,2.64,2.92,-0.28
17,22708.21,20.5,2.21,2.92,-0.71
20,25046.26,23.9,2.65,2.92,-0.27
12,21638.81,16.8,2.32,2.92,-0.6
19,15521.64,43.8,2.84,2.92,-0.08
17,23066.01,18.2,3.71,2.92,0.79
3,6399.36,14.4,3.0,2.92,0.08
7,18000.0,8.7,2.79,2.92,-0.13
7,18980.63,8.7,2.73,2.92,-0.19
2,11607.34,11.9,2.89,2.92,-0.03
17,23187.83,12.7,3.32,2.92,0.4
24,32735.58,15.2,3.27,2.92,0.35
23,27940.96,15.3,3.12,2.92,0.2
12,23042.97,16.9,2.57,2.92,-0.35
23,26999.02,13.5,3.14,2.93,0.21
24,31812.49,15.9,2.61,2.93,-0.32
23,27024.41,13.5,3.15,2.93,0.22
24,29063.8,20.2,2.78,2.93,-0.15
3,10397.42,7.4,2.3,2.93,-0.63
20,26376.45,22.9,2.29,2.93,-0.64
24,31721.92,15.6,3.15,2.93,0.22
16,23965.42,20.3,3.37,2.93,0.44
7,18000.0,10.6,2.58,2.93,-0.35
17,21600.0,21.4,2.85,2.93,-0.08
15,22406.02,20.0,3.42,2.94,0.48
18,25882.59,18.4,3.18,2.94,0.24
16,23673.4,15.5,3.19,2.94,0.25
16,24053.38,15.6,3.3,2.94,0.36
18,26396.57,18.7,2.75,2.94,-0.19
20,22319.37,24.9,3.49,2.94,0.55
13,22835.59,5.4,3.11,2.94,0.17
16,22255.14,16.1,2.64,2.94,-0.3
15,21684.34,23.0,2.35,2.94,-0.59
13,23467.0,6.5,2.77,2.94,-0.17
13,21600.0,5.9,2.24,2.94,-0.7
23,25370.33,22.9,3.02,2.94,0.08
23,26408.15,21.0,2.99,2.94,0.05
23,25454.04,22.9,2.97,2.94,0.03
15,23620.29,16.1,2.87,2.94,-0.07
13,24249.49,5.4,2.26,2.94,-0.68
7,17149.36,6.5,2.77,2.94,-0.17
15,21678.57,14.0,3.11,2.94,0.17
12,23693.66,17.9,2.68,2.94,-0.26
15,21773.68,17.8,2.84,2.94,-0.1
11,24234.23,19.4,2.65,2.94,-0.29
23,27393.87,16.3,2.55,2.95,-0.4
18,26425.12,15.6,2.99,2.95,0.04
7,19103.42,20.2,2.68,2.95,-0.27
15,22497.38,13.5,2.87,2.95,-0.08
16,23971.97,9.1,3.13,2.95,0.18
17,24152.57,7.3,3.44,2.95,0.49
16,24071.82,9.0,2.49,2.95,-0.46
18,24440.0,9.2,2.88,2.95,-0.07
16,21769.85,8.8,3.38,2.95,0.43
18,25200.0,15.2,2.79,2.96,-0.17
24,31025.83,18.5,2.93,2.96,-0.03
24,30516.79,18.7,2.56,2.96,-0.4
18,25200.0,15.2,2.78,2.96,-0.18
17,28001.3,4.3,2.66,2.96,-0.3
5,8579.16,18.6,1.64,2.96,-1.32
18,24609.78,21.1,2.16,2.96,-0.8
18,25763.36,20.9,2.88,2.96,-0.08
20,25764.76,20.7,3.7,2.96,0.74
18,25814.77,20.9,2.8,2.96,-0.16
1,7581.25,7.3,2.69,2.96,-0.27
18,25903.62,10.8,2.58,2.96,-0.38
12,24088.14,16.3,3.01,2.96,0.05
18,21527.49,10.2,3.06,2.96,0.1
18,25330.39,15.3,3.15,2.96,0.19
24,31302.24,10.4,2.82,2.96,-0.14
24,30189.65,9.7,3.13,2.96,0.17
23,29855.27,8.1,2.53,2.96,-0.43
12,23257.1,7.7,3.33,2.97,0.36
24,31383.89,19.7,3.22,2.97,0.25
24,30472.65,19.7,2.76,2.97,-0.21
6,18649.03,9.4,2.55,2.97,-0.42
13,23795.61,7.7,3.22,2.97,0.25
12,21405.49,4.7,2.79,2.97,-0.18
12,22712.9,5.9,2.51,2.97,-0.46
15,23923.48,12.8,2.99,2.97,0.02
12,22706.57,7.1,2.66,2.97,-0.31
4,12622.52,15.0,2.77,2.97,-0.2
24,31608.28,19.8,2.69,2.97,-0.28
12,23428.23,6.2,2.88,2.97,-0.09
12,22300.25,5.2,3.06,2.97,0.09
12,23277.62,8.0,2.72,2.97,-0.25
12,23919.11,8.1,3.03,2.97,0.06
12,22693.22,7.3,3.04,2.97,0.07
12,22319.39,4.7,3.24,2.97,0.27
15,24213.46,12.7,2.95,2.97,-0.02
17,26281.3,14.5,2.78,2.97,-0.19
19,27175.46,16.5,2.52,2.98,-0.46
24,30465.07,24.1,2.68,2.98,-0.3
22,28230.76,15.5,3.5,2.98,0.52
17,24758.87,13.2,2.81,2.98,-0.17
22,26945.21,16.3,2.76,2.98,-0.22
14,24166.49,16.3,2.62,2.98,-0.36
22,26530.12,15.5,2.78,2.98,-0.2
24,32723.51,16.6,3.05,2.98,0.07
19,27254.62,16.5,2.56,2.98,-0.42
19,28537.08,16.1,2.64,2.98,-0.34
12,21567.26,13.9,2.4,2.98,-0.58
22,17628.32,28.8,3.01,2.98,0.03
24,30099.08,23.6,3.81,2.98,0.83
10,23384.99,19.0,3.32,2.98,0.34
7,16248.61,17.6,3.23,2.98,0.25
10,21224.55,19.2,2.39,2.98,-0.59
19,28333.65,16.1,3.23,2.98,0.25
11,21232.78,8.7,2.53,2.98,-0.45
13,23612.88,8.6,3.15,2.99,0.16
13,21826.18,9.2,2.66,2.99,-0.33
11,24098.69,8.1,3.4,2.99,0.41
17,21286.31,11.4,2.48,2.99,-0.51
11,23299.18,4.2,3.28,2.99,0.29
11,21722.31,7.2,2.63,2.99,-0.36
14,23848.0,17.3,3.18,2.99,0.19
16,27166.18,5.9,3.06,2.99,0.07
22,26626.81,14.8,3.67,2.99,0.68
11,23040.88,8.3,2.64,2.99,-0.35
11,23405.65,6.8,2.68,2.99,-0.31
11,23439.02,6.2,2.96,2.99,-0.03
14,21642.35,17.4,2.63,2.99,-0.36
6,20393.52,23.5,2.61,2.99,-0.38
7,16501.77,18.4,3.05,2.99,0.06
12,21975.91,15.4,3.76,2.99,0.77
22,26542.55,13.2,2.5,2.99,-0.49
22,27260.84,15.0,2.6,2.99,-0.39
17,22641.97,11.5,3.73,2.99,0.74
20,27274.68,16.5,3.12,3.0,0.12
13,21161.39,17.7,2.89,3.0,-0.11
20,27313.49,16.5,3.06,3.0,0.06
24,33631.51,18.0,3.28,3.0,0.28
12,24049.15,13.0,3.33,3.0,0.33
12,21784.16,11.3,2.78,3.0,-0.22
21,16841.52,27.9,3.27,3.0,0.27
12,23248.26,16.0,3.34,3.0,0.34
13,21382.62,18.8,3.2,3.0,0.2
3,7677.8,11.9,2.32,3.0,-0.68
14,23696.01,14.4,3.11,3.0,0.11
6,19599.29,12.1,2.54,3.0,-0.46
23,30371.38,14.9,2.82,3.0,-0.18
23,27724.75,17.8,2.97,3.0,-0.03
20,28264.26,15.8,2.79,3.0,-0.21
12,22314.5,12.1,3.18,3.0,0.18
17,25022.27,18.8,2.92,3.0,-0.08
17,25884.0,18.6,3.33,3.0,0.33
17,26286.29,16.6,3.17,3.01,0.16
19,27640.65,14.3,3.03,3.01,0.02
15,21511.38,12.0,3.19,3.01,0.18
24,33072.72,16.6,3.33,3.01,0.32
23,30523.36,15.1,2.89,3.01,-0.12
23,31235.12,15.5,3.39,3.01,0.38
17,24943.5,17.3,3.17,3.01,0.16
17,24939.92,17.3,3.13,3.01,0.12
19,24373.06,25.9,3.21,3.01,0.2
16,5157.39,36.2,3.31,3.01,0.3
16,24303.34,18.6,2.46,3.01,-0.55
14,21946.99,18.4,2.77,3.01,-0.24
19,28559.21,14.2,2.55,3.01,-0.46
19,27559.65,14.4,3.02,3.01,0.01
22,28472.2,17.0,2.75,3.01,-0.26
17,25159.26,12.6,2.87,3.01,-0.14
24,33125.66,17.1,3.16,3.02,0.14
18,27638.68,13.2,2.64,3.02,-0.38
19,27535.53,14.6,3.03,3.02,0.01
11,21462.17,11.0,3.09,3.02,0.07
24,33903.77,20.6,3.03,3.02,0.01
23,27195.56,19.1,3.02,3.02,0.0
14,21930.73,13.4,3.22,3.02,0.2
24,33446.4,17.7,2.99,3.02,-0.03
11,22145.03,13.2,3.05,3.02,0.03
11,22477.59,12.4,3.18,3.02,0.16
11,23862.26,14.2,2.89,3.02,-0.13
11,24166.75,14.1,2.69,3.02,-0.33
6,17749.91,20.9,2.91,3.02,-0.11
15,25429.29,17.4,2.69,3.02,-0.33
18,27689.38,12.8,3.34,3.02,0.32
12,21848.33,9.7,2.62,3.02,-0.4
1,3403.83,16.2,3.22,3.02,0.2
13,23227.57,20.2,2.93,3.02,-0.09
21,26783.05,12.1,2.96,3.02,-0.06
22,27049.88,10.0,3.2,3.02,0.18
21,26970.63,10.8,3.12,3.02,0.1
24,33041.11,12.1,2.96,3.02,-0.06
11,24169.42,11.2,2.92,3.02,-0.1
5,16128.37,21.2,2.61,3.02,-0.41
4,9785.87,15.1,2.66,3.02,-0.36
11,21600.0,13.4,3.12,3.02,0.1
20,27604.12,14.8,2.52,3.03,-0.51
23,29163.47,16.4,2.67,3.03,-0.36
19,27975.44,18.2,3.03,3.03,0.0
15,24747.1,18.3,2.16,3.03,-0.87
24,33505.43,20.0,2.74,3.03,-0.29
20,29343.31,13.5,2.27,3.03,-0.76
19,26595.67,17.3,3.39,3.03,0.36
11,21646.13,10.4,3.16,3.03,0.13
13,23618.53,13.5,2.97,3.03,-0.06
18,28004.9,10.0,2.86,3.03,-0.17
6,20841.85,13.8,3.18,3.03,0.15
15,23832.95,9.7,2.88,3.03,-0.15
13,21600.0,15.7,2.88,3.03,-0.15
11,22063.36,16.1,3.37,3.03,0.34
6,16043.73,13.0,3.32,3.03,0.29
19,27490.54,18.9,2.69,3.03,-0.34
6,17269.93,13.0,2.71,3.03,-0.32
11,22482.63,15.6,3.13,3.03,0.1
6,18169.04,13.6,2.81,3.03,-0.22
20,26559.59,14.6,3.0,3.03,-0.03
11,22673.54,12.2,3.3,3.03,0.27
22,27210.73,11.9,3.11,3.03,0.08
15,21863.83,9.7,3.04,3.03,0.01
15,22144.48,10.0,3.5,3.03,0.47
16,26216.46,7.6,2.84,3.03,-0.19
13,23498.37,15.5,3.58,3.03,0.55
11,21979.08,15.9,3.55,3.03,0.52
23,28723.86,17.7,3.2,3.04,0.16
20,29690.86,14.0,3.15,3.04,0.11
15,24940.79,16.8,2.55,3.04,-0.49
14,25529.65,7.7,2.63,3.04,-0.41
23,33534.91,14.3,2.62,3.04,-0.42
18,24061.22,24.0,3.12,3.04,0.08
20,26489.15,18.1,3.04,3.04,0.0
13,21805.44,14.5,3.2,3.04,0.16
15,25986.43,17.1,3.61,3.04,0.57
3,9250.16,13.8,2.82,3.04,-0.22
14,22087.72,10.7,3.47,3.04,0.43
4,9941.21,15.7,2.71,3.04,-0.33
3,9371.3,13.7,2.25,3.04,-0.79
15,26283.55,17.0,3.29,3.04,0.25
14,24036.59,10.5,2.89,3.04,-0.15
13,22141.43,14.5,3.0,3.04,-0.04
14,21688.89,10.3,2.63,3.04,-0.41
15,25200.0,14.2,2.93,3.04,-0.11
13,23982.15,14.5,3.17,3.04,0.13
16,25128.27,15.5,2.96,3.05,-0.09
24,34813.01,21.0,3.02,3.05,-0.03
16,25436.15,15.3,2.91,3.05,-0.14
19,27045.45,19.1,3.4,3.05,0.35
16,25179.75,15.5,2.96,3.05,-0.09
15,28556.34,6.6,3.31,3.05,0.26
15,26392.48,16.3,2.55,3.05,-0.5
19,26694.09,19.2,2.8,3.05,-0.25
15,26501.64,5.0,2.75,3.05,-0.3
10,23045.02,17.9,3.13,3.05,0.08
18,21558.6,25.7,2.99,3.05,-0.06
10,22209.31,17.8,3.34,3.05,0.29
10,22166.19,12.7,2.96,3.05,-0.09
4,8572.63,17.6,2.75,3.05,-0.3
10,23786.42,7.9,3.16,3.05,0.11
10,21814.62,8.3,2.93,3.05,-0.12
10,23259.94,8.3,3.03,3.05,-0.02
10,23710.54,7.7,2.99,3.05,-0.06
15,24734.77,13.3,2.67,3.05,-0.38
16,25584.86,16.0,3.0,3.05,-0.05
13,23939.5,9.8,3.21,3.06,0.15
23,28797.4,19.6,2.68,3.06,-0.38
15,25056.62,15.3,3.17,3.06,0.11
15,26155.79,15.3,3.84,3.06,0.78
13,23936.32,9.8,3.15,3.06,0.09
24,35029.77,16.5,3.01,3.06,-0.05
22,27526.29,17.6,3.33,3.06,0.27
10,22698.47,15.8,2.5,3.06,-0.56
8,21596.3,19.6,2.3,3.06,-0.76
22,26777.97,23.6,2.86,3.06,-0.2
10,23605.7,5.2,2.65,3.06,-0.41
10,24038.41,5.2,2.67,3.06,-0.39
17,26979.37,13.2,3.45,3.06,0.39
24,34704.71,16.3,3.14,3.06,0.08
22,27023.58,23.3,3.12,3.06,0.06
15,23137.76,24.0,3.22,3.06,0.16
6,18456.1,15.6,3.22,3.06,0.16
10,21194.64,12.0,3.09,3.06,0.03
13,21581.44,9.7,3.34,3.06,0.28
10,23405.61,6.2,3.38,3.06,0.32
17,23528.7,9.6,3.13,3.06,0.07
15,24654.17,15.1,2.91,3.06,-0.15
20,29266.05,15.0,3.76,3.07,0.69
22,28252.49,19.4,3.19,3.07,0.12
23,30966.91,17.1,3.41,3.07,0.34
22,26751.79,19.4,3.1,3.07,0.03
13,25298.11,5.1,2.66,3.07,-0.41
5,21045.19,7.7,3.65,3.07,0.58
5,16199.37,8.0,2.21,3.07,-0.86
19,18407.02,32.1,2.94,3.07,-0.13
17,25254.07,22.3,3.58,3.07,0.51
13,25367.45,6.6,3.34,3.07,0.27
13,25268.1,6.6,2.73,3.07,-0.34
13,25829.68,4.6,3.07,3.07,0.0
13,25540.48,7.0,3.27,3.07,0.2
13,25537.98,4.9,3.36,3.07,0.29
6,16307.12,6.1,3.19,3.07,0.12
23,31939.49,14.0,3.25,3.07,0.18
23,32448.72,18.1,2.73,3.08,-0.35
18,27374.75,14.8,3.21,3.08,0.13
24,35110.79,17.5,3.44,3.08,0.36
18,24488.12,26.4,2.69,3.08,-0.39
9,23292.29,4.8,2.65,3.08,-0.43
19,26760.04,21.3,3.55,3.08,0.47
12,16154.71,25.7,3.26,3.08,0.18
15,19714.98,27.5,3.02,3.08,-0.06
9,23441.24,5.8,3.08,3.08,0.0
9,21891.45,6.6,3.19,3.08,0.11
20,30189.58,16.1,2.62,3.08,-0.46
22,23086.73,28.0,2.78,3.09,-0.31
23,27586.53,21.3,3.48,3.09,0.39
23,30749.74,19.0,3.49,3.09,0.4
23,30423.7,18.4,2.79,3.09,-0.3
11,25310.11,6.9,2.86,3.09,-0.23
11,26084.79,4.7,2.84,3.09,-0.25
15,26413.11,8.4,2.71,3.09,-0.38
22,21234.54,28.4,2.94,3.09,-0.15
23,28086.34,21.5,3.52,3.09,0.43
6,20865.09,16.9,3.19,3.09,0.1
9,24121.57,19.8,2.94,3.09,-0.15
6,18110.86,18.1,3.13,3.09,0.04
5,17808.37,5.0,3.16,3.09,0.07
17,27135.92,12.8,3.56,3.09,0.47
11,25890.44,5.9,2.67,3.09,-0.42
18,27345.76,15.3,2.52,3.09,-0.57
20,29169.68,17.8,2.88,3.1,-0.22
8,21583.39,12.7,2.23,3.1,-0.87
12,25150.99,18.4,2.86,3.1,-0.24
23,32457.3,19.9,2.58,3.1,-0.52
5,17945.48,14.3,2.7,3.1,-0.4
16,27844.15,13.0,3.52,3.1,0.42
20,31165.67,16.6,2.67,3.1,-0.43
5,19623.25,22.7,2.91,3.1,-0.19
5,17333.44,14.2,3.04,3.1,-0.06
9,17304.18,25.4,2.58,3.1,-0.52
8,23347.03,12.5,2.81,3.1,-0.29
6,17165.21,17.3,2.26,3.1,-0.84
10,23910.04,23.1,3.2,3.1,0.1
16,27441.62,12.9,2.52,3.1,-0.58
21,30510.01,13.7,2.51,3.1,-0.59
20,29531.58,17.3,3.05,3.11,-0.06
18,27201.35,19.6,2.61,3.11,-0.5
18,28072.27,16.8,3.15,3.11,0.04
23,33220.18,17.2,3.26,3.11,0.15
9,24116.26,12.4,3.27,3.11,0.16
24,34143.77,23.4,3.03,3.11,-0.08
22,31466.7,15.5,3.24,3.11,0.13
21,26851.85,21.6,3.12,3.11,0.01
21,28102.99,21.3,2.45,3.11,-0.66
24,33352.3,25.3,3.24,3.11,0.13
9,21623.11,12.4,3.3,3.11,0.19
12,26417.11,6.6,3.26,3.11,0.15
23,31581.66,4.9,3.0,3.11,-0.11
17,25902.42,10.2,2.99,3.11,-0.12
22,18926.03,34.5,3.09,3.12,-0.03
20,26800.17,22.3,3.03,3.12,-0.09
14,24271.94,18.5,2.93,3.12,-0.19
13,22191.84,21.0,3.09,3.12,-0.03
19,31750.34,16.1,2.94,3.12,-0.18
21,23213.63,27.1,3.44,3.12,0.32
13,26632.56,5.9,3.02,3.12,-0.1
14,25581.16,9.1,2.58,3.12,-0.54
13,27281.66,5.2,2.67,3.12,-0.45
13,27437.83,6.0,3.08,3.12,-0.04
18,22025.1,27.8,2.6,3.12,-0.52
6,16754.97,18.8,3.43,3.12,0.31
13,21466.55,21.1,3.45,3.12,0.33
13,22553.43,20.5,3.04,3.12,-0.08
16,27535.41,13.7,3.78,3.12,0.66
8,23061.56,13.3,2.89,3.12,-0.23
13,28330.22,6.9,2.74,3.12,-0.38
21,27187.1,23.8,2.96,3.12,-0.16
11,21995.54,21.1,3.25,3.12,0.13
5,16671.94,17.2,3.27,3.12,0.15
13,27447.9,5.2,2.76,3.12,-0.36
14,25200.0,8.8,3.01,3.12,-0.11
5,18512.96,8.9,3.24,3.12,0.12
16,26985.55,13.8,2.91,3.12,-0.21
21,28532.15,23.5,3.23,3.12,0.11
14,26119.4,14.1,2.84,3.13,-0.29
18,27240.97,21.2,2.83,3.13,-0.3
17,27841.02,16.3,2.78,3.13,-0.35
19,29827.21,18.9,3.37,3.13,0.24
21,29113.81,19.0,3.37,3.13,0.24
16,26476.15,14.5,2.72,3.13,-0.41
9,22155.62,14.5,3.38,3.13,0.25
21,33223.65,16.1,2.64,3.13,-0.49
23,32096.12,25.6,2.1,3.13,-1.03
21,32117.47,15.5,3.3,3.13,0.17
9,22637.9,13.7,3.51,3.13,0.38
14,26041.71,14.5,2.97,3.13,-0.16
14,25200.0,16.3,3.59,3.13,0.46
19,29149.05,18.9,2.58,3.13,-0.55
8,22134.65,11.7,2.72,3.13,-0.41
24,28284.66,29.9,3.41,3.13,0.28
8,21600.0,11.8,3.1,3.13,-0.03
9,21606.13,11.4,2.93,3.13,-0.2
14,25279.99,16.0,2.86,3.13,-0.27
20,30173.69,19.2,2.87,3.14,-0.27
17,27557.8,10.7,3.26,3.14,0.12
23,34181.89,16.6,3.2,3.14,0.06
20,30272.01,19.2,2.88,3.14,-0.26
17,27568.37,10.7,3.25,3.14,0.11
20,32400.0,17.1,3.24,3.14,0.1
19,31020.55,14.3,3.51,3.14,0.37
23,29305.66,26.0,3.19,3.14,0.05
9,23163.78,7.6,3.16,3.14,0.02
8,23071.27,11.4,3.34,3.14,0.2
11,25522.15,19.3,3.02,3.14,-0.12
12,24795.61,20.4,2.83,3.14,-0.31
22,29208.29,23.4,3.12,3.14,-0.02
20,31064.53,19.0,2.37,3.14,-0.77
17,26668.03,17.0,3.01,3.14,-0.13
23,26564.5,24.6,2.57,3.14,-0.57
23,29066.64,23.7,3.33,3.14,0.19
23,28736.64,24.0,3.02,3.14,-0.12
8,23992.81,11.2,3.09,3.14,-0.05
17,26650.71,17.0,2.98,3.14,-0.16
11,26073.49,18.5,3.24,3.14,0.1
18,23739.65,24.2,3.37,3.14,0.23
5,18561.38,10.7,3.31,3.14,0.17
8,23339.34,9.5,3.12,3.14,-0.02
17,27130.39,16.8,2.89,3.14,-0.25
11,24338.14,18.8,3.25,3.14,0.11
19,29749.29,17.9,3.26,3.14,0.12
13,24282.12,19.0,2.82,3.14,-0.32
8,22273.61,8.4,3.1,3.14,-0.04
9,21600.0,9.7,3.14,3.14,0.0
9,23357.64,7.2,3.17,3.14,0.03
13,24624.82,7.9,2.72,3.14,-0.42
15,25155.53,10.6,3.51,3.14,0.37
21,31834.62,17.2,2.83,3.14,-0.31
20,32827.57,14.1,2.91,3.14,-0.23
13,25200.0,7.3,3.11,3.14,-0.03
16,26620.41,7.9,3.26,3.14,0.12
21,32209.06,17.0,2.91,3.14,-0.23
20,30495.65,19.6,3.47,3.14,0.33
9,22113.96,14.8,2.92,3.15,-0.23
20,30875.98,17.5,3.77,3.15,0.62
11,24638.52,8.1,3.14,3.15,-0.01
10,26054.37,18.6,2.62,3.15,-0.53
11,25307.91,8.2,3.17,3.15,0.02
10,24757.51,4.6,2.73,3.15,-0.42
10,24845.44,6.8,2.95,3.15,-0.2
17,23800.04,24.9,2.99,3.15,-0.16
17,23911.73,24.9,2.95,3.15,-0.2
10,26189.2,6.6,3.34,3.15,0.19
19,32507.92,15.2,2.97,3.15,-0.18
17,23598.68,24.5,3.18,3.15,0.03
15,25084.27,11.1,3.46,3.15,0.31
15,28063.1,13.6,2.93,3.15,-0.22
16,27143.54,14.6,2.67,3.15,-0.48
8,23314.52,7.6,3.11,3.15,-0.04
21,31991.05,19.1,3.21,3.15,0.06
19,32779.27,18.9,2.96,3.16,-0.2
21,31272.99,18.9,3.4,3.16,0.24
16,23045.79,25.3,3.13,3.16,-0.03
21,32316.97,17.6,3.07,3.16,-0.09
21,33268.52,17.1,3.26,3.16,0.1
24,35624.44,18.7,2.39,3.16,-0.77
20,28635.01,21.7,3.04,3.16,-0.12
13,22644.35,23.7,4.01,3.16,0.85
20,28691.34,21.7,3.01,3.16,-0.15
13,25200.0,16.9,3.49,3.16,0.33
8,16371.65,22.0,3.93,3.16,0.77
9,22785.8,16.3,3.43,3.16,0.27
19,30320.58,18.6,2.81,3.16,-0.35
24,36331.73,14.8,3.2,3.16,0.04
20,33123.28,17.6,3.21,3.17,0.04
24,36807.73,18.5,3.72,3.17,0.55
21,33140.82,18.4,2.98,3.17,-0.19
20,33992.3,18.4,2.87,3.17,-0.3
24,36595.72,16.8,2.94,3.17,-0.23
20,33188.79,17.6,3.21,3.17,0.04
11,27415.82,6.1,3.3,3.17,0.13
12,24650.03,15.5,2.79,3.17,-0.38
11,24656.92,9.1,2.7,3.17,-0.47
7,24194.84,5.4,3.1,3.17,-0.07
11,27695.56,5.2,3.02,3.17,-0.15
21,29736.68,21.6,3.05,3.17,-0.12
17,27995.13,22.7,3.24,3.17,0.07
20,28968.62,23.9,3.28,3.17,0.11
11,26784.3,6.8,3.15,3.17,-0.02
16,27557.63,9.2,3.12,3.17,-0.05
21,34801.5,15.9,2.91,3.17,-0.26
16,27198.45,9.0,3.13,3.17,-0.04
15,28404.6,12.7,3.21,3.17,0.04
16,28354.52,17.7,2.69,3.17,-0.48
22,33113.86,16.8,3.25,3.17,0.08
9,23998.64,18.3,3.26,3.17,0.09
19,28927.14,20.6,3.34,3.18,0.16
16,28800.0,14.2,3.08,3.18,-0.1
13,24354.13,16.5,3.5,3.18,0.32
19,31986.11,19.9,2.86,3.18,-0.32
22,32669.25,19.5,3.11,3.18,-0.07
19,28988.56,20.6,3.36,3.18,0.18
24,35288.93,19.7,2.94,3.18,-0.24
16,26489.64,11.5,3.11,3.18,-0.07
22,31661.85,19.5,2.94,3.18,-0.24
15,27374.2,16.5,3.02,3.18,-0.16
16,29473.79,14.2,2.59,3.18,-0.59
10,25104.7,17.7,2.45,3.18,-0.73
17,29358.62,13.9,2.5,3.18,-0.68
16,28355.38,18.7,3.36,3.18,0.18
3,7773.93,17.6,2.18,3.18,-1.0
1,2601.61,18.0,3.15,3.18,-0.03
4,20310.62,12.0,3.18,3.18,0.0
11,24417.18,21.5,2.49,3.18,-0.69
12,26684.44,6.5,3.55,3.18,0.37
16,26875.47,18.6,2.89,3.18,-0.29
15,26525.93,16.4,3.23,3.18,0.05
22,31358.84,17.7,2.55,3.18,-0.63
13,25200.0,9.3,3.29,3.18,0.11
21,34928.61,14.3,3.31,3.18,0.13
10,24806.19,17.4,2.86,3.18,-0.32
19,33849.21,19.5,3.1,3.19,-0.09
19,33183.36,18.3,2.92,3.19,-0.27
10,26019.08,15.3,2.48,3.19,-0.71
19,33895.53,19.5,3.09,3.19,-0.1
19,33203.27,18.3,2.93,3.19,-0.26
16,25536.15,22.0,4.07,3.19,0.88
10,25200.0,7.8,3.35,3.19,0.16
14,28104.44,7.5,3.7,3.19,0.51
5,21266.86,19.3,1.93,3.19,-1.26
10,26052.63,15.3,3.18,3.19,-0.01
9,23735.09,17.7,4.01,3.19,0.82
15,27794.76,14.6,3.62,3.19,0.43
16,25200.0,21.3,3.47,3.19,0.28
17,28711.84,14.4,3.54,3.19,0.35
12,25363.18,8.8,3.28,3.19,0.09
15,28109.05,16.8,3.92,3.19,0.73
10,24601.66,8.0,3.12,3.19,-0.07
15,27051.64,17.7,3.32,3.19,0.13
19,34314.11,14.0,2.69,3.2,-0.51
21,35126.51,16.8,3.02,3.2,-0.18
19,34064.11,14.3,3.53,3.2,0.33
14,26438.71,12.8,2.95,3.2,-0.25
14,25082.07,10.9,3.33,3.2,0.13
17,28672.87,13.5,3.18,3.2,-0.02
19,34323.26,14.0,2.65,3.2,-0.55
21,35136.77,16.8,3.04,3.2,-0.16
23,30581.19,22.3,3.83,3.2,0.63
23,30808.23,22.4,3.4,3.2,0.2
23,30985.5,22.5,2.99,3.2,-0.21
9,24706.5,4.8,2.8,3.2,-0.4
9,26375.54,4.7,3.01,3.2,-0.19
12,25919.95,14.4,2.46,3.2,-0.74
11,25528.62,14.3,3.02,3.2,-0.18
18,16912.12,28.9,3.21,3.2,0.01
11,25488.98,14.3,3.0,3.2,-0.2
23,27397.63,29.8,2.99,3.2,-0.21
14,25229.58,10.6,3.47,3.2,0.27
12,25200.0,14.3,3.59,3.2,0.39
12,25779.41,14.5,2.87,3.2,-0.33
14,25503.46,12.9,3.76,3.2,0.56
9,26442.77,5.8,3.52,3.2,0.32
19,33826.52,13.7,3.4,3.2,0.2
14,24650.33,10.5,2.73,3.2,-0.47
14,25031.06,12.9,2.89,3.2,-0.31
20,34243.74,20.1,3.05,3.21,-0.16
20,35008.96,17.7,3.25,3.21,0.04
18,31468.74,13.9,3.01,3.21,-0.2
24,36487.7,12.6,3.64,3.21,0.43
20,34264.75,20.1,3.05,3.21,-0.16
20,35061.2,17.7,3.28,3.21,0.07
13,25589.26,14.6,3.56,3.21,0.35
16,28616.92,20.6,2.69,3.21,-0.52
15,30199.8,13.9,3.03,3.21,-0.18
20,31283.36,20.9,3.41,3.21,0.2
10,26292.51,21.3,2.68,3.21,-0.53
17,25753.16,24.5,3.48,3.21,0.27
7,21600.0,9.2,2.79,3.21,-0.42
7,23840.15,17.2,2.88,3.21,-0.33
18,26860.47,24.1,3.23,3.21,0.02
10,24496.91,20.9,3.23,3.21,0.02
15,14163.58,32.9,3.42,3.21,0.21
6,21680.55,6.9,3.18,3.21,-0.03
21,34884.96,20.0,2.79,3.21,-0.42
19,35123.91,16.9,3.4,3.22,0.18
20,32639.54,26.1,3.76,3.22,0.54
22,30803.74,24.0,3.02,3.22,-0.2
16,30364.6,14.3,2.49,3.22,-0.73
2,16062.12,15.8,2.68,3.22,-0.54
19,32070.96,21.4,2.91,3.22,-0.31
9,25120.49,18.4,2.75,3.22,-0.47
9,27384.8,5.4,2.79,3.22,-0.43
16,29377.88,13.5,2.77,3.22,-0.45
7,25860.28,6.1,2.92,3.22,-0.3
23,33327.12,23.4,2.88,3.22,-0.34
20,31715.15,25.9,2.92,3.22,-0.3
23,33372.08,23.4,2.85,3.22,-0.37
20,31700.08,25.9,2.86,3.22,-0.36
14,25601.61,11.5,3.56,3.22,0.34
2,16227.77,15.8,3.23,3.22,0.01
16,29529.59,15.1,3.42,3.22,0.2
19,35221.82,19.7,3.16,3.22,-0.06
11,25334.17,13.8,2.82,3.22,-0.4
13,22507.18,25.6,3.17,3.22,-0.05
5,21388.89,20.4,3.04,3.22,-0.18
22,34381.21,13.7,3.16,3.22,-0.06
19,34605.25,19.7,2.99,3.22,-0.23
16,29462.36,21.0,2.93,3.23,-0.3
15,29167.28,15.1,2.91,3.23,-0.32
16,29837.69,16.1,3.59,3.23,0.36
14,26830.02,13.5,3.4,3.23,0.17
14,27200.96,13.0,2.91,3.23,-0.32
15,27270.05,26.4,2.55,3.23,-0.68
14,25732.51,9.7,3.01,3.23,-0.22
10,28021.62,6.6,3.51,3.23,0.28
14,24803.52,9.9,2.89,3.23,-0.34
11,26735.64,8.0,2.89,3.23,-0.34
8,26419.15,6.4,2.77,3.23,-0.46
11,27832.99,8.0,3.0,3.23,-0.23
15,31603.68,13.1,2.64,3.23,-0.59
20,32400.0,21.2,3.66,3.23,0.43
23,33932.87,22.3,3.11,3.23,-0.12
20,32400.0,21.2,3.6,3.23,0.37
15,28316.5,26.4,3.48,3.23,0.25
15,26492.88,19.9,3.29,3.23,0.06
14,26437.25,9.8,3.44,3.23,0.21
10,24287.44,14.9,3.61,3.23,0.38
10,24295.31,14.7,3.4,3.23,0.17
15,27401.56,20.4,2.82,3.23,-0.41
10,24605.39,14.7,3.46,3.23,0.23
21,27768.54,24.5,3.45,3.23,0.22
7,21198.32,16.6,2.85,3.23,-0.38
8,25463.6,6.9,3.19,3.23,-0.04
8,24390.84,6.7,3.01,3.23,-0.22
5,22349.21,6.9,3.06,3.23,-0.17
10,27142.03,6.2,3.23,3.23,0.0
8,25209.7,6.9,3.26,3.23,0.03
14,25200.0,10.0,3.81,3.23,0.58
19,28736.56,11.5,3.17,3.23,-0.06
19,34621.12,15.0,3.66,3.23,0.43
13,25378.24,13.8,3.11,3.23,-0.12
13,26139.0,14.0,2.98,3.23,-0.25
15,29957.56,14.6,2.92,3.24,-0.32
18,28937.85,15.8,3.22,3.24,-0.02
20,28573.16,25.5,3.7,3.24,0.46
16,29320.04,20.3,4.05,3.24,0.81
15,30030.41,14.6,2.93,3.24,-0.31
18,28964.61,15.8,3.18,3.24,-0.06
16,30509.92,20.6,2.0,3.24,-1.24
4,18000.0,11.4,3.53,3.24,0.29
7,23824.25,16.0,2.95,3.24,-0.29
10,26150.84,13.9,3.61,3.24,0.37
7,23169.06,12.2,3.31,3.24,0.07
16,31338.52,20.9,3.67,3.24,0.43
7,23754.87,16.0,3.31,3.24,0.07
22,32400.0,20.9,3.59,3.25,0.34
22,31445.31,22.9,2.96,3.25,-0.29
22,31751.23,20.5,3.44,3.25,0.19
17,31541.47,21.9,3.31,3.25,0.06
7,24129.15,10.7,3.53,3.25,0.28
23,32791.46,23.5,3.96,3.25,0.71
6,23448.81,12.2,3.17,3.25,-0.08
15,29145.36,17.6,2.59,3.25,-0.66
7,24300.24,7.6,2.68,3.25,-0.57
16,31461.38,21.3,2.96,3.25,-0.29
23,31787.57,22.6,3.48,3.25,0.23
17,29277.19,19.1,3.63,3.25,0.38
16,31547.61,21.3,2.91,3.25,-0.34
16,29166.69,19.4,3.42,3.25,0.17
18,28800.0,20.8,3.46,3.25,0.21
18,14713.65,43.4,3.4,3.25,0.15
14,24388.29,12.2,3.09,3.25,-0.16
14,26290.05,11.7,3.65,3.25,0.4
6,21447.31,8.6,3.17,3.25,-0.08
15,30099.47,16.8,3.23,3.25,-0.02
13,25200.0,13.4,2.76,3.25,-0.49
7,26090.64,7.3,2.94,3.25,-0.31
12,28613.23,7.4,3.33,3.25,0.08
23,36571.13,15.6,3.06,3.25,-0.19
21,31159.34,10.4,3.17,3.25,-0.08
24,36203.64,13.0,3.34,3.25,0.09
15,28653.52,17.3,3.17,3.25,-0.08
19,31493.12,22.2,3.42,3.26,0.16
21,30218.67,23.8,3.61,3.26,0.35
19,29999.39,12.6,3.32,3.26,0.06
18,29809.64,19.4,3.29,3.26,0.03
17,29136.63,18.6,3.56,3.26,0.3
20,33255.53,20.8,3.08,3.26,-0.18
7,28051.5,5.3,2.91,3.26,-0.35
15,28305.97,20.6,2.81,3.26,-0.45
21,31639.17,5.4,2.93,3.26,-0.33
9,26223.49,14.2,2.63,3.26,-0.63
18,28666.63,18.9,3.42,3.26,0.16
18,30625.85,15.3,3.5,3.26,0.24
24,26588.73,33.1,3.29,3.26,0.03
17,29483.47,17.6,3.49,3.26,0.23
9,25329.0,15.8,3.06,3.26,-0.2
9,25225.08,15.7,3.45,3.26,0.19
9,26248.09,18.1,3.18,3.26,-0.08
2,6781.82,22.5,3.38,3.26,0.12
14,28263.18,14.7,3.69,3.26,0.43
2,2479.09,22.2,3.02,3.26,-0.24
5,23856.4,17.0,3.94,3.26,0.68
7,21103.96,17.5,3.57,3.26,0.31
12,25824.72,13.5,2.98,3.26,-0.28
9,25477.8,15.8,3.46,3.26,0.2
14,27094.72,22.8,3.21,3.26,-0.05
18,28926.84,22.7,2.62,3.26,-0.64
13,19010.33,28.8,3.39,3.26,0.13
9,26320.31,15.1,2.56,3.26,-0.7
5,22557.91,16.9,2.36,3.26,-0.9
0,14054.05,5.9,2.68,3.26,-0.58
22,31348.87,12.0,3.5,3.26,0.24
14,27806.5,22.3,2.62,3.26,-0.64
9,26151.21,14.5,3.72,3.26,0.46
11,25200.0,13.4,3.19,3.26,-0.07
11,24466.3,13.1,3.7,3.26,0.44
20,23880.62,32.2,3.53,3.27,0.26
5,24907.9,6.9,2.99,3.27,-0.28
8,27989.13,6.3,3.16,3.27,-0.11
6,21878.04,10.3,3.24,3.27,-0.03
12,27156.8,16.7,2.85,3.27,-0.42
16,30779.23,18.3,2.17,3.27,-1.1
20,23347.91,32.1,2.87,3.27,-0.4
20,23265.31,32.1,2.74,3.27,-0.53
16,30582.13,17.9,3.86,3.27,0.59
20,23869.67,32.0,3.27,3.27,0.0
4,16843.44,16.8,3.38,3.27,0.11
6,22761.04,11.6,3.29,3.27,0.02
7,22108.79,14.1,3.44,3.27,0.17
6,22309.31,19.2,3.41,3.27,0.14
9,25267.12,20.4,3.74,3.27,0.47
8,27409.21,5.4,3.42,3.27,0.15
8,27645.07,6.0,3.89,3.27,0.62
7,22551.43,14.1,3.41,3.27,0.14
5,25873.8,6.6,3.42,3.27,0.15
23,35384.16,15.3,2.87,3.27,-0.4
14,27404.5,10.7,3.09,3.27,-0.18
9,25215.23,14.8,4.02,3.27,0.75
11,27912.33,18.0,2.65,3.27,-0.62
12,26846.63,16.7,2.9,3.27,-0.37
19,34995.44,20.7,3.73,3.28,0.45
13,25827.5,10.5,3.06,3.28,-0.22
13,25830.04,12.4,3.53,3.28,0.25
6,20663.35,25.3,2.84,3.28,-0.44
18,19325.2,31.1,3.54,3.28,0.26
7,21600.0,13.5,3.55,3.28,0.27
9,25944.5,7.9,3.5,3.28,0.22
7,21600.0,14.0,3.37,3.28,0.09
7,22548.79,13.5,3.62,3.28,0.34
3,17740.56,8.2,2.84,3.28,-0.44
15,31526.99,20.4,3.06,3.28,-0.22
9,24657.97,7.4,3.16,3.28,-0.12
15,29815.77,19.7,3.11,3.28,-0.17
21,25650.07,30.9,3.36,3.28,0.08
13,26360.77,10.4,3.51,3.28,0.23
6,23995.43,12.7,2.8,3.28,-0.48
9,25359.59,7.4,3.47,3.28,0.19
9,25468.18,7.2,3.59,3.28,0.31
6,21292.92,16.8,2.98,3.28,-0.3
22,33947.04,9.3,3.04,3.28,-0.24
24,37355.92,7.7,3.13,3.28,-0.15
19,28966.5,8.6,3.47,3.28,0.19
17,32652.91,13.7,2.73,3.28,-0.55
13,26365.23,10.6,3.3,3.28,0.02
13,26223.08,12.3,3.88,3.28,0.6
18,30990.57,18.3,3.11,3.29,-0.18
11,27251.05,14.0,3.16,3.29,-0.13
14,27464.92,18.1,3.73,3.29,0.44
18,31020.05,17.8,3.19,3.29,-0.1
18,31396.54,18.6,3.09,3.29,-0.2
18,31141.04,18.7,3.73,3.29,0.44
17,31455.86,18.4,3.39,3.29,0.1
21,33945.17,12.5,3.31,3.29,0.02
18,31005.77,18.3,3.05,3.29,-0.24
23,33366.55,25.5,3.43,3.29,0.14
14,28394.35,17.9,3.6,3.29,0.31
12,24338.94,11.3,3.02,3.29,-0.27
13,26975.14,15.1,2.77,3.29,-0.52
10,26010.39,12.8,3.18,3.29,-0.11
10,28551.65,7.2,3.13,3.29,-0.16
10,27467.04,7.6,2.87,3.29,-0.42
17,30450.04,17.0,3.47,3.29,0.18
5,22394.94,18.6,3.83,3.29,0.54
3,15556.69,18.8,2.97,3.29,-0.32
4,16148.07,18.3,2.66,3.29,-0.63
11,26738.36,19.3,3.68,3.29,0.39
2,9430.27,17.8,3.06,3.29,-0.23
2,11434.2,18.1,3.33,3.29,0.04
14,27222.64,21.3,3.32,3.29,0.03
11,27209.49,15.3,3.79,3.29,0.5
4,22804.03,9.0,2.99,3.29,-0.3
12,25200.0,11.9,3.78,3.29,0.49
11,27532.1,18.9,3.42,3.29,0.13
11,27556.46,19.1,3.23,3.29,-0.06
14,27865.92,21.3,2.85,3.29,-0.44
12,27917.44,18.4,2.61,3.29,-0.68
11,27926.57,19.2,3.07,3.29,-0.22
22,29974.23,25.8,2.83,3.29,-0.46
11,28182.0,14.4,3.1,3.29,-0.19
10,28451.37,8.2,3.61,3.29,0.32
13,28585.46,16.1,3.07,3.29,-0.22
21,32867.91,10.2,3.19,3.29,-0.1
11,25946.88,10.6,3.62,3.29,0.33
16,32346.85,19.2,3.04,3.29,-0.25
18,31992.67,19.6,2.93,3.3,-0.37
21,36679.34,18.2,3.27,3.3,-0.03
20,36224.82,18.4,3.01,3.3,-0.29
18,31603.61,16.8,3.65,3.3,0.35
19,32765.16,22.2,3.74,3.3,0.44
18,32033.03,19.6,2.96,3.3,-0.34
21,36680.25,18.2,3.25,3.3,-0.05
20,36338.76,18.4,3.0,3.3,-0.3
18,31623.85,16.8,3.73,3.3,0.43
11,24846.36,11.2,2.72,3.3,-0.58
10,27327.01,15.2,3.47,3.3,0.17
11,28198.43,17.6,3.06,3.3,-0.24
10,28016.64,17.9,3.14,3.3,-0.16
21,36401.44,15.0,2.84,3.3,-0.46
16,32244.47,21.6,2.95,3.3,-0.35
16,32348.44,21.6,2.85,3.3,-0.45
21,36454.43,20.2,3.3,3.3,0.0
24,37183.56,18.8,3.61,3.3,0.31
23,31511.54,25.0,3.27,3.3,-0.03
10,27786.11,18.1,3.67,3.3,0.37
14,20896.31,30.8,3.2,3.3,-0.1
18,31939.79,19.2,3.6,3.3,0.3
13,27846.28,14.3,3.66,3.3,0.36
21,23394.26,32.2,3.11,3.3,-0.19
22,34726.88,20.5,3.44,3.3,0.14
11,24837.27,10.2,3.81,3.3,0.51
2,18667.72,14.3,3.18,3.3,-0.12
8,24428.76,18.8,3.38,3.3,0.08
14,28226.1,12.1,3.2,3.3,-0.1
5,22474.16,17.7,3.55,3.3,0.25
22,33378.99,23.0,3.56,3.3,0.26
14,28036.23,18.4,3.51,3.3,0.21
13,28165.91,8.9,3.98,3.3,0.68
1,16354.25,9.6,2.99,3.3,-0.31
13,26117.12,11.3,3.75,3.3,0.45
13,28419.42,8.6,3.46,3.3,0.16
13,26654.43,9.0,3.06,3.3,-0.24
16,31837.0,15.5,2.98,3.3,-0.32
20,36788.97,16.4,3.81,3.3,0.51
14,27956.71,9.4,3.48,3.3,0.18
20,32818.36,11.6,3.48,3.3,0.18
20,36242.56,18.6,3.37,3.3,0.07
13,25200.0,9.7,3.62,3.3,0.32
21,36390.38,21.3,2.81,3.31,-0.5
21,35869.9,15.8,3.3,3.31,-0.01
14,28688.55,13.6,3.09,3.31,-0.22
18,28780.61,12.7,3.38,3.31,0.07
20,29455.98,24.4,3.41,3.31,0.1
21,33616.75,22.3,4.0,3.31,0.69
21,36424.11,21.3,2.79,3.31,-0.52
21,35930.79,15.8,3.31,3.31,0.0
20,35712.03,15.6,3.74,3.31,0.43
13,28170.71,13.2,2.91,3.31,-0.4
10,26583.8,17.1,3.23,3.31,-0.08
13,27452.37,18.4,3.75,3.31,0.44
16,29855.77,23.9,3.44,3.31,0.13
12,27130.55,20.2,3.53,3.31,0.22
23,36002.82,17.9,3.93,3.31,0.62
16,29889.14,23.9,3.39,3.31,0.08
10,27648.84,16.7,3.3,3.31,-0.01
3,15916.85,9.1,2.43,3.31,-0.88
18,28830.79,11.2,2.95,3.31,-0.36
6,23424.91,17.7,3.43,3.31,0.12
14,27757.48,19.1,4.07,3.31,0.76
10,26526.76,14.5,2.96,3.31,-0.35
9,25200.0,8.9,3.31,3.31,0.0
16,29680.21,23.3,3.24,3.31,-0.07
22,31953.99,5.8,3.67,3.31,0.36
9,24979.58,8.6,3.26,3.31,-0.05
19,31782.33,12.0,2.54,3.31,-0.77
10,28604.11,14.1,3.24,3.31,-0.07
21,33214.95,22.5,3.32,3.31,0.01
19,36737.52,16.6,3.3,3.32,-0.02
10,26390.53,11.8,3.29,3.32,-0.03
22,36564.27,15.3,3.5,3.32,0.18
17,22085.58,31.8,3.46,3.32,0.14
19,36676.46,18.4,3.17,3.32,-0.15
15,32152.04,14.5,2.97,3.32,-0.35
19,36763.21,16.6,3.29,3.32,-0.03
20,36816.5,14.3,3.22,3.32,-0.1
22,32781.07,12.3,3.34,3.32,0.02
12,28143.25,8.4,3.1,3.32,-0.22
18,32437.34,20.2,3.17,3.32,-0.15
4,21953.28,14.6,2.63,3.32,-0.69
15,34372.7,14.0,2.77,3.32,-0.55
19,34731.32,22.5,3.11,3.32,-0.21
19,35044.76,23.1,3.33,3.32,0.01
4,22307.85,14.5,2.9,3.32,-0.42
23,36000.0,12.0,3.09,3.32,-0.23
18,32539.45,20.1,3.32,3.32,0.0
19,34684.25,22.5,3.05,3.32,-0.27
19,34938.45,23.1,3.24,3.32,-0.08
10,26967.51,15.0,3.27,3.32,-0.05
11,25965.57,23.6,3.74,3.32,0.42
4,23862.37,14.8,3.84,3.32,0.52
4,10295.58,21.9,3.47,3.32,0.15
7,22711.57,21.0,3.65,3.32,0.33
7,25388.29,18.8,3.24,3.32,-0.08
22,31730.38,12.5,3.92,3.32,0.6
8,24995.73,7.3,2.89,3.32,-0.43
10,27970.66,17.7,3.32,3.32,0.0
5,23688.15,12.2,3.43,3.32,0.11
12,27308.82,9.3,3.3,3.32,-0.02
20,36290.88,14.3,3.3,3.32,-0.02
22,36491.61,19.4,3.06,3.32,-0.26
22,32709.4,10.3,3.43,3.32,0.11
10,25200.0,11.4,3.53,3.32,0.21
10,28058.69,19.3,3.63,3.32,0.31
19,36005.79,18.4,3.53,3.33,0.2
17,33883.66,19.5,2.91,3.33,-0.42
14,31607.82,16.9,2.94,3.33,-0.39
23,36631.52,13.4,3.3,3.33,-0.03
7,25448.2,16.6,2.87,3.33,-0.46
19,36458.09,17.4,3.37,3.33,0.04
21,32025.28,22.5,3.49,3.33,0.16
16,32648.37,14.8,3.96,3.33,0.63
21,35247.41,18.1,3.21,3.33,-0.12
14,31094.0,14.9,3.45,3.33,0.12
19,36018.61,18.4,3.42,3.33,0.09
17,33939.98,19.5,2.89,3.33,-0.44
14,31609.78,16.9,2.92,3.33,-0.41
23,36685.23,13.4,3.3,3.33,-0.03
19,36908.33,14.6,3.83,3.33,0.5
14,29578.22,16.0,3.67,3.33,0.34
14,29903.73,15.0,2.62,3.33,-0.71
7,26343.34,15.4,2.95,3.33,-0.38
8,24090.48,22.9,3.04,3.33,-0.29
16,34589.91,13.9,3.31,3.33,-0.02
20,36333.57,21.1,3.28,3.33,-0.05
10,26531.43,16.4,3.59,3.33,0.26
20,36304.7,21.1,3.24,3.33,-0.09
14,31104.48,17.1,3.38,3.33,0.05
18,30133.79,11.2,3.64,3.33,0.31
8,24504.13,15.8,3.39,3.33,0.06
18,21600.0,33.2,3.48,3.33,0.15
4,22850.38,17.1,2.87,3.33,-0.46
12,25388.38,23.8,3.33,3.33,0.0
18,31865.22,15.0,4.12,3.33,0.79
10,27179.74,16.3,3.67,3.33,0.34
10,27122.67,13.0,2.93,3.33,-0.4
7,24262.12,16.4,3.25,3.33,-0.08
23,30256.17,26.6,3.16,3.33,-0.17
8,23280.93,22.2,3.26,3.33,-0.07
16,22082.56,34.6,3.0,3.33,-0.33
11,26644.98,13.2,3.6,3.33,0.27
6,22065.6,14.3,3.3,3.33,-0.03
10,27344.62,13.2,3.47,3.33,0.14
14,28898.05,6.3,3.85,3.33,0.52
11,27271.07,13.0,3.43,3.33,0.1
10,26228.28,10.2,3.38,3.33,0.05
19,36763.98,14.9,3.22,3.33,-0.11
19,36493.89,17.3,2.84,3.33,-0.49
14,30899.97,16.8,2.72,3.33,-0.61
9,24745.54,9.4,2.81,3.34,-0.53
6,28014.12,5.0,3.04,3.34,-0.3
9,27688.52,15.9,3.27,3.34,-0.07
11,27779.49,12.7,2.95,3.34,-0.39
24,34505.1,27.2,2.75,3.34,-0.59
18,29667.87,12.2,3.66,3.34,0.32
22,35986.43,15.4,3.79,3.34,0.45
18,34836.62,14.4,3.22,3.34,-0.12
24,37171.45,21.5,3.46,3.34,0.12
24,34375.09,27.4,3.91,3.34,0.57
3,19732.14,13.3,3.24,3.34,-0.1
15,30961.18,23.3,3.02,3.34,-0.32
24,34100.91,28.0,3.28,3.34,-0.06
5,24114.86,8.4,3.86,3.34,0.52
19,31160.79,7.5,3.7,3.34,0.36
4,22842.37,12.8,2.97,3.34,-0.37
6,26997.26,6.1,3.45,3.34,0.11
9,26273.33,10.7,2.87,3.34,-0.47
9,28007.97,15.8,2.74,3.34,-0.6
8,25179.94,15.5,3.61,3.34,0.27
17,28622.78,11.0,3.27,3.35,-0.08
18,33905.08,13.7,3.6,3.35,0.25
17,33608.89,17.0,3.18,3.35,-0.17
18,33339.86,15.7,3.53,3.35,0.18
9,26991.99,14.3,3.81,3.35,0.46
13,27548.23,12.0,3.33,3.35,-0.02
16,34424.36,17.1,3.82,3.35,0.47
17,33523.88,14.1,3.46,3.35,0.11
17,34749.93,19.5,3.69,3.35,0.34
17,28625.57,11.0,3.25,3.35,-0.1
18,33915.94,13.7,3.56,3.35,0.21
17,33677.62,17.0,3.17,3.35,-0.18
18,33424.65,15.7,3.41,3.35,0.06
17,32914.41,20.7,3.8,3.35,0.45
16,34103.12,15.5,3.3,3.35,-0.05
9,27408.15,14.9,3.2,3.35,-0.15
9,26113.48,11.4,3.43,3.35,0.08
9,27361.68,13.2,3.35,3.35,0.0
8,26243.91,9.2,3.07,3.35,-0.28
22,30610.46,25.6,4.01,3.35,0.66
10,28008.94,12.8,3.73,3.35,0.38
22,30389.02,26.4,3.71,3.35,0.36
15,33727.17,14.0,3.61,3.35,0.26
8,25212.3,14.8,3.32,3.35,-0.03
8,26328.86,9.3,3.72,3.35,0.37
9,26058.16,11.5,3.71,3.35,0.36
5,23259.22,11.6,3.42,3.35,0.07
8,25659.71,8.6,3.14,3.35,-0.21
24,37496.88,22.9,3.35,3.35,0.0
11,26957.15,21.7,3.08,3.35,-0.27
14,29940.04,22.8,3.41,3.35,0.06
16,34250.01,20.3,3.13,3.35,-0.22
8,24863.68,8.7,2.97,3.35,-0.38
8,24901.2,8.5,3.37,3.35,0.02
9,25625.83,11.6,3.27,3.35,-0.08
17,34948.58,15.4,3.25,3.35,-0.1
18,33859.48,13.6,3.21,3.35,-0.14
9,27119.04,13.4,2.85,3.35,-0.5
19,36743.43,20.5,3.4,3.35,0.05
15,32138.88,21.8,3.2,3.35,-0.15
9,27898.57,13.1,3.84,3.35,0.49
18,32871.67,14.2,3.08,3.36,-0.28
8,26161.03,13.4,3.36,3.36,0.0
17,34733.97,20.2,3.69,3.36,0.33
19,35349.55,22.0,2.78,3.36,-0.58
16,34227.84,21.2,3.11,3.36,-0.25
18,35060.7,16.8,3.36,3.36,0.0
18,33344.29,18.3,3.44,3.36,0.08
18,32919.6,14.2,3.13,3.36,-0.23
8,26170.42,13.4,3.34,3.36,-0.02
17,31237.28,12.9,3.64,3.36,0.28
8,26078.23,13.5,3.16,3.36,-0.2
10,28269.42,9.3,3.3,3.36,-0.06
16,35236.46,20.7,3.44,3.36,0.08
8,25578.4,13.2,3.63,3.36,0.27
9,25933.51,12.1,4.13,3.36,0.77
11,30024.3,18.3,2.41,3.36,-0.95
7,28571.06,7.9,3.23,3.36,-0.13
22,36055.46,23.8,2.84,3.36,-0.52
23,37186.54,19.4,3.06,3.36,-0.3
22,35515.41,23.5,3.42,3.36,0.06
11,30210.86,18.1,3.42,3.36,0.06
14,31343.81,13.0,4.25,3.36,0.89
8,26195.32,17.8,3.96,3.36,0.6
8,25385.09,13.9,3.72,3.36,0.36
16,33469.61,14.4,4.24,3.36,0.88
5,23516.91,10.8,3.76,3.36,0.4
11,27927.45,11.5,3.1,3.36,-0.26
7,28461.44,7.1,3.48,3.36,0.12
9,26285.95,12.1,3.25,3.36,-0.11
11,30433.69,17.9,3.02,3.36,-0.34
17,34433.75,20.9,3.39,3.36,0.03
13,26852.54,24.1,3.21,3.36,-0.15
17,29510.21,7.9,3.34,3.36,-0.02
16,35093.23,21.5,2.91,3.36,-0.45
11,27832.82,11.6,3.37,3.36,0.01
8,25200.0,13.3,3.97,3.36,0.61
5,27295.09,6.5,3.15,3.36,-0.21
18,33112.2,17.9,3.43,3.36,0.07
5,28353.62,6.3,3.64,3.36,0.28
12,26508.98,12.6,3.38,3.36,0.02
11,26693.82,11.6,3.22,3.36,-0.14
16,33383.03,18.4,2.98,3.36,-0.38
21,35198.89,8.2,3.52,3.36,0.16
24,37862.37,15.5,3.07,3.36,-0.29
17,33334.86,17.9,3.19,3.36,-0.17
10,28302.06,9.1,3.53,3.36,0.17
12,27377.14,20.5,3.47,3.36,0.11
15,34669.93,17.1,3.06,3.37,-0.31
18,34591.21,17.5,3.42,3.37,0.05
8,26215.63,12.6,3.38,3.37,0.01
15,32893.39,17.0,3.41,3.37,0.04
8,26020.21,10.0,3.3,3.37,-0.07
23,35290.04,21.2,3.5,3.37,0.13
15,34769.52,17.1,3.05,3.37,-0.32
18,34638.45,17.5,3.44,3.37,0.07
8,24791.87,12.3,3.41,3.37,0.04
16,27422.71,29.2,4.09,3.37,0.72
12,28800.0,5.8,3.66,3.37,0.29
12,28825.06,6.3,3.04,3.37,-0.33
17,34295.05,18.7,3.14,3.37,-0.23
8,25588.37,12.7,3.11,3.37,-0.26
15,32965.83,15.1,3.02,3.37,-0.35
12,29414.98,5.6,2.73,3.37,-0.64
8,25967.63,12.5,2.87,3.37,-0.5
17,32435.85,22.3,2.92,3.37,-0.45
17,32444.51,22.3,2.88,3.37,-0.49
21,25302.3,33.3,3.23,3.37,-0.14
24,32485.63,29.8,3.07,3.37,-0.3
9,27593.32,12.7,3.42,3.37,0.05
14,26481.23,24.7,3.43,3.37,0.06
9,27056.09,12.8,3.18,3.37,-0.19
8,25945.26,10.2,3.39,3.37,0.02
7,25771.07,9.7,3.57,3.37,0.2
7,26160.66,13.2,3.5,3.37,0.13
14,31627.68,21.0,4.2,3.37,0.83
8,24909.79,9.5,3.15,3.37,-0.22
8,24513.71,10.6,3.5,3.37,0.13
7,25676.71,13.4,3.38,3.37,0.01
9,28471.26,16.3,3.47,3.37,0.1
10,31291.22,18.0,3.46,3.37,0.09
8,25624.33,10.1,3.4,3.37,0.03
10,28616.0,12.2,3.48,3.37,0.11
12,28276.74,26.2,3.28,3.37,-0.09
7,25200.0,10.5,3.54,3.37,0.17
7,25192.05,10.3,3.21,3.37,-0.16
6,24163.58,20.5,3.55,3.37,0.18
8,25199.45,10.3,3.05,3.37,-0.32
23,35268.05,23.7,2.96,3.37,-0.41
14,29300.19,20.1,3.62,3.37,0.25
16,29706.92,11.3,2.96,3.38,-0.42
15,33562.46,17.3,3.24,3.38,-0.14
23,37517.62,16.1,3.4,3.38,0.02
18,34160.84,21.3,3.67,3.38,0.29
17,34361.92,13.3,3.55,3.38,0.17
24,37679.67,17.5,3.45,3.38,0.07
18,30118.38,23.6,3.42,3.38,0.04
15,31946.75,13.3,3.08,3.38,-0.3
13,29573.43,17.8,2.82,3.38,-0.56
16,29716.31,11.3,2.9,3.38,-0.48
15,33638.46,17.3,3.22,3.38,-0.16
22,23711.32,32.8,3.79,3.38,0.41
7,28066.24,16.3,3.01,3.38,-0.37
15,33897.54,14.6,3.46,3.38,0.08
24,29582.44,33.0,4.28,3.38,0.9
24,29176.83,34.3,3.13,3.38,-0.25
19,36714.34,14.0,3.89,3.38,0.51
16,29591.62,11.4,4.18,3.38,0.8
1,18790.92,12.8,3.24,3.38,-0.14
11,29139.58,18.1,4.13,3.38,0.75
16,28800.0,11.5,3.82,3.38,0.44
3,22888.58,6.6,2.92,3.38,-0.46
5,26030.54,7.6,3.35,3.38,-0.03
5,25373.66,7.6,3.6,3.38,0.22
15,32917.74,17.3,3.26,3.38,-0.12
23,36205.57,11.5,3.25,3.38,-0.13
20,36977.22,18.2,3.1,3.39,-0.29
23,37218.8,17.4,3.13,3.39,-0.26
23,37367.05,17.3,3.41,3.39,0.02
10,28074.09,10.9,3.65,3.39,0.26
20,37001.04,18.2,3.16,3.39,-0.23
23,37246.89,17.4,3.14,3.39,-0.25
8,25868.6,11.5,3.66,3.39,0.27
23,35803.7,21.4,3.53,3.39,0.14
10,28253.08,10.9,3.51,3.39,0.12
12,28010.93,9.6,3.55,3.39,0.16
7,27352.09,13.1,2.61,3.39,-0.78
21,36568.46,22.5,3.09,3.39,-0.3
12,27657.89,9.5,3.39,3.39,0.0
11,26595.25,26.2,3.12,3.39,-0.27
7,28128.91,13.4,3.12,3.39,-0.27
12,27498.7,9.5,3.71,3.39,0.32
9,26756.66,10.5,2.97,3.39,-0.42
1,13399.06,16.6,3.46,3.39,0.07
10,28611.21,10.9,3.6,3.39,0.21
8,24722.71,11.6,3.74,3.39,0.35
12,27894.43,10.1,3.55,3.39,0.16
3,17606.12,24.0,2.98,3.39,-0.41
9,26855.86,10.9,3.36,3.39,-0.03
8,25135.38,11.3,3.55,3.39,0.16
10,27653.11,10.4,2.87,3.39,-0.52
12,27757.77,10.2,3.87,3.39,0.48
15,34328.42,17.4,3.58,3.39,0.19
22,37420.52,19.5,3.29,3.4,-0.11
9,28511.6,9.2,3.85,3.4,0.45
6,26297.15,9.2,3.35,3.4,-0.05
6,24415.96,8.6,3.2,3.4,-0.2
15,29086.02,8.8,3.57,3.4,0.17
8,24613.82,12.2,3.38,3.4,-0.02
10,31588.86,17.7,3.04,3.4,-0.36
17,30110.37,11.7,3.84,3.4,0.44
15,33568.67,18.4,3.81,3.4,0.41
20,34967.1,11.5,3.68,3.4,0.28
5,18375.05,25.0,3.46,3.4,0.06
13,31557.97,16.8,3.19,3.4,-0.21
12,30052.47,18.4,3.58,3.4,0.18
8,24895.76,12.1,3.18,3.4,-0.22
9,27937.23,11.0,3.76,3.4,0.36
7,25670.57,19.7,3.91,3.4,0.51
7,28226.46,15.1,3.56,3.4,0.16
12,30833.19,18.4,3.68,3.4,0.28
11,30989.44,17.7,2.95,3.4,-0.45
11,28800.0,6.0,3.72,3.4,0.32
11,29076.97,5.9,3.15,3.4,-0.25
10,27726.5,10.2,3.33,3.4,-0.07
8,25630.85,11.9,3.33,3.4,-0.07
10,28077.84,9.8,3.22,3.4,-0.18
7,27835.25,12.9,3.21,3.41,-0.2
8,28502.09,14.0,3.43,3.41,0.02
15,30657.08,10.6,3.51,3.41,0.1
15,34975.94,18.7,3.1,3.41,-0.31
7,28613.51,14.2,3.16,3.41,-0.25
7,27845.28,12.9,3.22,3.41,-0.19
8,26579.41,7.3,3.45,3.41,0.04
8,27748.43,8.0,3.74,3.41,0.33
13,29307.69,6.2,3.34,3.41,-0.07
17,34134.49,22.6,3.44,3.41,0.03
16,32957.09,13.1,3.1,3.41,-0.31
17,34152.7,22.6,3.37,3.41,-0.04
12,28544.82,23.7,3.63,3.41,0.22
12,30337.8,17.3,3.64,3.41,0.23
1,15064.29,14.7,3.68,3.41,0.27
15,33643.5,13.0,3.11,3.41,-0.3
16,29367.55,9.3,3.8,3.41,0.39
7,27816.26,14.2,3.36,3.41,-0.05
7,27063.65,9.4,3.36,3.41,-0.05
7,27491.01,14.7,3.34,3.41,-0.07
7,27151.41,14.2,3.7,3.41,0.29
15,33802.91,13.5,3.54,3.41,0.13
17,31608.95,10.2,3.53,3.41,0.12
1,3206.8,20.4,2.68,3.41,-0.73
13,29349.44,6.5,3.18,3.41,-0.23
8,27549.5,7.5,3.58,3.41,0.17
12,30283.29,17.1,4.04,3.41,0.63
18,34031.48,13.0,3.57,3.41,0.16
7,27940.79,14.3,3.73,3.41,0.32
15,34017.13,21.1,3.45,3.41,0.04
16,32311.72,12.7,3.01,3.42,-0.41
20,37855.14,18.1,4.04,3.42,0.62
13,30716.21,15.8,3.9,3.42,0.48
16,32338.32,12.7,2.99,3.42,-0.43
14,31533.05,11.5,3.24,3.42,-0.18
20,37571.18,20.5,3.53,3.42,0.11
14,29651.22,8.7,3.42,3.42,0.0
20,36463.32,26.2,2.39,3.42,-1.03
21,36136.21,23.7,3.47,3.42,0.05
22,31724.31,24.9,3.78,3.42,0.36
20,36088.47,22.4,4.11,3.42,0.69
22,37507.36,16.4,3.92,3.42,0.5
21,36150.8,23.7,3.41,3.42,-0.01
24,27583.74,37.8,3.58,3.42,0.16
24,26992.96,35.6,3.17,3.42,-0.25
24,27785.82,48.3,3.34,3.42,-0.08
21,37443.86,19.7,3.65,3.42,0.23
11,24959.42,30.6,2.77,3.42,-0.65
20,37621.16,20.9,3.38,3.42,-0.04
15,33856.33,19.9,3.61,3.42,0.19
10,29064.46,16.1,3.88,3.42,0.46
4,26348.05,8.0,2.93,3.42,-0.49
7,28162.24,11.7,3.4,3.42,-0.02
11,28963.7,19.8,3.0,3.42,-0.42
20,38004.3,18.9,3.61,3.42,0.19
10,30928.11,20.0,3.87,3.42,0.45
16,30181.22,10.5,3.67,3.42,0.25
8,27551.99,10.8,4.03,3.42,0.61
14,31273.49,12.9,3.61,3.42,0.19
8,28380.17,17.1,3.7,3.42,0.28
7,26793.17,10.9,3.31,3.42,-0.11
15,31364.53,7.2,3.51,3.42,0.09
4,26067.33,7.2,3.48,3.42,0.06
7,28300.39,10.8,3.24,3.42,-0.18
14,30906.68,11.3,2.68,3.42,-0.74
14,30405.69,11.6,3.22,3.42,-0.2
15,30064.37,8.5,3.35,3.42,-0.07
10,29998.39,21.2,3.07,3.42,-0.35
6,25331.64,9.8,3.35,3.42,-0.07
16,28925.19,8.3,3.4,3.42,-0.02
20,37912.51,18.4,2.88,3.42,-0.54
15,34775.55,19.9,3.79,3.42,0.37
10,31078.2,21.2,3.27,3.42,-0.15
19,37330.5,20.8,3.59,3.43,0.16
14,35071.79,14.2,2.9,3.43,-0.53
19,37574.3,16.6,3.03,3.43,-0.4
10,31495.15,15.8,3.7,3.43,0.27
18,36345.09,21.7,4.14,3.43,0.71
19,37418.2,20.8,3.36,3.43,-0.07
14,35159.23,14.2,2.86,3.43,-0.57
19,37575.46,16.6,2.99,3.43,-0.44
21,30653.08,24.3,3.96,3.43,0.53
14,31742.07,19.6,2.83,3.43,-0.6
8,26580.06,11.0,3.24,3.43,-0.19
10,29049.98,5.5,3.52,3.43,0.09
10,31527.96,15.9,2.52,3.43,-0.91
19,37558.65,23.0,2.45,3.43,-0.98
8,28315.56,9.4,3.06,3.43,-0.37
8,28771.25,5.2,2.86,3.43,-0.57
7,29256.48,6.0,2.87,3.43,-0.56
7,29132.04,6.6,3.63,3.43,0.2
10,29161.93,5.2,3.74,3.43,0.31
14,32762.33,19.5,3.24,3.43,-0.19
7,29285.03,5.1,3.53,3.43,0.1
7,28948.28,6.5,3.54,3.43,0.11
7,28648.24,6.7,3.5,3.43,0.07
9,29913.45,6.6,3.21,3.43,-0.22
17,32313.99,7.9,3.39,3.43,-0.04
11,28883.97,15.8,3.51,3.43,0.08
17,36483.79,19.2,3.45,3.44,0.01
16,36542.16,15.8,3.02,3.44,-0.42
19,37079.63,16.9,3.6,3.44,0.16
14,35002.2,15.9,3.53,3.44,0.09
17,36276.2,19.0,3.22,3.44,-0.22
16,35432.09,18.4,3.32,3.44,-0.12
19,37611.72,14.4,3.24,3.44,-0.2
17,32717.72,12.9,4.03,3.44,0.59
17,36500.4,19.2,3.49,3.44,0.05
16,36605.6,15.8,2.99,3.44,-0.45
19,37115.66,16.9,3.6,3.44,0.16
20,37945.82,22.0,3.6,3.44,0.16
19,37235.11,19.6,4.24,3.44,0.8
6,25826.09,10.4,3.38,3.44,-0.06
8,27492.01,8.4,3.56,3.44,0.12
18,36609.57,20.6,3.38,3.44,-0.06
10,30727.97,16.6,2.33,3.44,-1.11
14,34814.84,15.9,2.96,3.44,-0.48
18,36888.95,20.8,2.8,3.44,-0.64
13,29678.87,16.6,3.59,3.44,0.15
14,32392.81,15.8,3.61,3.44,0.17
9,28063.34,22.7,2.89,3.44,-0.55
15,31594.21,10.1,4.01,3.44,0.57
13,30490.79,20.7,3.37,3.44,-0.07
6,25200.0,10.4,3.5,3.44,0.06
10,30025.69,16.3,4.07,3.44,0.63
8,27748.85,8.5,3.2,3.44,-0.24
20,37187.45,13.8,3.06,3.44,-0.38
17,34755.67,9.1,3.23,3.44,-0.21
14,30436.12,8.9,3.25,3.44,-0.19
12,30496.31,15.6,3.07,3.44,-0.37
10,31275.38,16.6,3.37,3.44,-0.07
18,31781.45,12.5,3.61,3.45,0.16
17,36180.48,18.6,3.12,3.45,-0.33
17,32821.07,12.2,3.51,3.45,0.06
18,31806.34,12.5,3.59,3.45,0.14
17,31760.68,11.9,3.61,3.45,0.16
18,31677.33,12.9,3.9,3.45,0.45
9,28776.17,20.2,3.4,3.45,-0.05
23,36000.0,25.6,3.56,3.45,0.11
19,36518.39,25.6,2.73,3.45,-0.72
21,37795.7,21.7,2.67,3.45,-0.78
8,27376.1,17.3,3.48,3.45,0.03
24,30383.69,35.8,3.21,3.45,-0.24
10,28866.54,15.1,3.79,3.45,0.34
8,28154.49,17.4,4.09,3.45,0.64
14,11396.89,40.0,3.49,3.45,0.04
9,28685.33,19.9,2.96,3.45,-0.49
8,28414.44,19.6,3.27,3.45,-0.18
22,36972.68,17.6,2.55,3.45,-0.9
14,33588.5,16.0,3.63,3.45,0.18
17,36154.38,18.2,3.69,3.45,0.24
18,35737.93,17.8,3.48,3.46,0.02
18,35909.39,19.4,3.3,3.46,-0.16
14,32998.28,14.3,3.5,3.46,0.04
18,36000.0,16.4,3.25,3.46,-0.21
11,29371.84,16.4,3.78,3.46,0.32
17,36117.88,19.1,3.56,3.46,0.1
14,35238.61,17.2,3.28,3.46,-0.18
14,31483.12,12.2,3.72,3.46,0.26
15,36793.23,16.0,4.04,3.46,0.58
18,35746.5,17.8,3.42,3.46,-0.04
18,35959.27,19.4,3.32,3.46,-0.14
14,33035.07,14.3,3.53,3.46,0.07
18,36000.0,16.4,3.27,3.46,-0.19
11,30524.56,15.5,4.41,3.46,0.95
16,30254.9,8.2,3.41,3.46,-0.05
14,33655.38,22.0,3.46,3.46,0.0
18,35529.27,18.1,3.0,3.46,-0.46
12,30110.77,15.1,3.07,3.46,-0.39
14,32599.01,5.2,3.43,3.46,-0.03
14,33928.09,21.4,2.71,3.46,-0.75
14,34263.2,19.2,3.16,3.46,-0.3
14,33534.05,18.3,3.78,3.46,0.32
14,31903.01,16.4,3.48,3.46,0.02
14,34261.96,19.2,3.07,3.46,-0.39
11,31415.25,15.1,3.57,3.46,0.11
14,29833.71,12.2,3.36,3.46,-0.1
18,36111.97,16.0,3.96,3.46,0.5
6,25885.65,12.1,3.98,3.46,0.52
6,25905.84,14.0,3.7,3.46,0.24
6,24956.07,13.8,2.69,3.46,-0.77
14,33045.34,18.1,3.26,3.46,-0.2
14,33897.57,21.9,3.4,3.46,-0.06
10,28782.38,16.5,3.65,3.46,0.19
20,37734.77,19.7,2.93,3.46,-0.53
3,21410.31,7.6,3.5,3.46,0.04
17,36424.39,15.5,3.72,3.46,0.26
18,32127.51,12.1,3.05,3.46,-0.41
17,36535.45,15.1,3.3,3.46,-0.16
20,37950.86,15.6,3.49,3.46,0.03
18,36028.79,18.0,3.44,3.46,-0.02
20,35572.84,11.6,3.63,3.46,0.17
20,36421.19,10.6,3.21,3.46,-0.25
6,25200.0,13.5,3.03,3.46,-0.43
10,29918.9,15.0,2.75,3.46,-0.71
21,37759.59,16.1,3.32,3.46,-0.14
14,33608.82,14.2,3.18,3.46,-0.28
15,34443.82,22.5,3.91,3.46,0.45
15,36902.96,15.2,2.96,3.47,-0.51
15,36918.83,14.9,3.64,3.47,0.17
16,35887.45,20.6,3.69,3.47,0.22
18,36433.51,16.9,3.67,3.47,0.2
15,36916.93,14.9,3.6,3.47,0.13
17,34387.95,12.0,3.29,3.47,-0.18
21,38117.7,22.3,2.58,3.47,-0.89
4,311.26,24.9,3.25,3.47,-0.22
3,19303.52,22.9,3.63,3.47,0.16
16,36000.0,15.4,3.97,3.47,0.5
3,16227.07,22.5,3.34,3.47,-0.13
16,35536.78,15.0,3.07,3.47,-0.4
