precipitation_hours,sunshine_duration,wind_speed_10m_max,et0_fao_evapotranspiration,prediction
23,0.0,22.3,0.96,1.33
23,275.53,22.4,1.59,1.33
23,0.0,21.3,1.22,1.33
23,4509.45,20.8,1.67,1.33
24,1253.43,22.4,1.57,1.34
24,0.0,22.0,1.12,1.34
24,5239.63,22.3,1.61,1.34
24,0.0,21.3,1.2,1.34
24,0.0,22.0,1.06,1.34
24,0.0,22.5,1.71,1.34
24,0.0,21.0,1.18,1.34
24,0.0,21.3,1.3,1.34
24,0.0,21.1,1.31,1.34
24,0.0,21.2,0.59,1.34
24,0.0,21.3,0.79,1.34
24,3267.54,4.2,1.24,1.35
24,3600.0,4.6,1.46,1.35
24,0.0,5.8,1.1,1.35
24,3747.62,25.1,1.76,1.37
24,363.05,25.4,0.83,1.37
24,1129.37,24.8,1.47,1.37
24,163.08,25.5,1.15,1.37
24,0.0,25.2,1.43,1.37
24,0.0,25.9,0.87,1.37
24,4875.41,24.9,1.95,1.37
24,1159.69,14.3,1.26,1.38
24,1156.47,14.3,1.22,1.38
19,0.0,20.1,1.14,1.38
24,0.0,26.3,0.96,1.4
19,2760.7,21.3,1.86,1.4
24,0.0,26.3,0.96,1.4
24,859.57,26.1,1.55,1.4
24,2385.7,27.4,1.78,1.4
24,3600.0,8.4,1.04,1.4
24,256.3,26.2,1.07,1.4
24,3852.14,24.5,1.29,1.4
24,7098.7,24.3,1.98,1.4
24,0.0,26.9,1.65,1.4
24,0.0,24.0,1.28,1.4
24,6251.29,8.5,1.72,1.4
24,550.31,24.5,1.09,1.4
24,5665.0,8.0,1.45,1.4
24,0.0,23.7,0.77,1.4
24,1667.84,24.7,1.61,1.4
19,237.85,22.0,0.97,1.4
24,2181.23,8.2,1.37,1.4
24,0.0,27.0,1.35,1.4
24,3600.0,8.4,1.1,1.4
24,3600.0,8.4,1.08,1.4
24,0.0,12.6,0.66,1.42
24,0.0,13.2,1.02,1.42
24,5480.24,12.6,1.98,1.42
24,313.14,12.4,1.7,1.42
24,0.0,12.6,0.74,1.42
24,0.0,12.6,0.73,1.42
24,0.0,9.8,0.81,1.44
24,0.0,7.1,0.89,1.44
24,0.0,9.8,0.83,1.44
24,4799.94,10.9,1.79,1.44
24,1069.65,6.8,1.38,1.44
24,2545.59,9.7,1.49,1.44
24,6708.45,7.3,1.79,1.44
24,1641.77,11.8,1.39,1.45
24,1490.01,10.3,1.3,1.45
24,0.0,23.0,0.81,1.45
24,0.0,23.3,1.05,1.45
24,3699.4,11.7,1.66,1.45
24,1647.1,11.8,1.39,1.45
24,1447.93,22.9,1.75,1.45
22,0.0,22.4,1.04,1.45
24,4209.81,23.5,1.67,1.45
24,4165.93,23.5,1.6,1.45
23,0.0,20.3,1.41,1.45
24,5981.98,23.4,2.24,1.45
24,943.92,23.1,1.75,1.45
24,639.47,23.0,1.81,1.45
24,1517.42,23.2,1.33,1.45
24,0.0,23.5,1.26,1.45
23,0.0,20.6,1.05,1.45
24,2435.21,10.2,1.04,1.45
24,0.0,10.8,0.82,1.45
24,0.0,10.2,0.78,1.45
24,4279.83,10.7,1.39,1.45
24,5100.06,11.8,1.85,1.45
24,0.0,11.9,1.21,1.45
24,2173.59,10.5,2.02,1.45
21,0.0,19.9,1.59,1.46
23,0.0,16.6,0.93,1.46
23,1602.62,16.7,1.67,1.46
21,0.0,20.5,1.22,1.46
19,2867.6,18.7,1.53,1.47
22,4728.94,20.4,2.57,1.47
22,26.12,20.2,1.23,1.47
23,0.0,17.5,1.54,1.47
24,1512.88,9.3,1.39,1.47
24,1759.32,8.7,1.93,1.47
23,1695.4,23.0,1.35,1.48
23,0.0,23.3,1.45,1.48
19,1827.2,16.8,1.59,1.48
21,5195.32,21.7,1.7,1.48
23,1697.49,23.0,1.4,1.48
23,0.0,23.3,1.5,1.48
23,710.12,13.4,1.32,1.49
19,1027.19,15.3,1.63,1.49
22,6273.72,19.7,1.8,1.49
23,2228.78,16.1,1.26,1.49
19,0.0,24.4,0.68,1.49
23,4194.62,16.2,1.76,1.49
19,981.9,24.6,1.45,1.49
19,468.61,16.3,1.65,1.49
23,2238.96,16.1,1.64,1.49
23,2240.57,16.1,1.46,1.49
24,7179.1,14.8,1.86,1.5
22,3806.74,17.9,2.29,1.5
23,0.0,8.4,1.5,1.5
19,0.0,7.9,1.5,1.5
24,0.0,14.5,0.68,1.5
22,0.0,17.4,1.15,1.5
22,2507.79,17.8,1.26,1.5
23,238.1,8.1,1.28,1.5
24,0.0,14.6,1.31,1.5
23,5102.49,15.9,1.35,1.5
22,0.0,17.2,1.03,1.5
19,7102.94,7.6,1.83,1.51
24,4153.32,16.6,1.67,1.52
24,0.0,17.1,0.76,1.52
24,4917.91,16.8,2.04,1.52
24,557.32,16.6,1.31,1.52
24,0.0,17.1,0.68,1.52
24,4301.35,17.0,1.76,1.52
21,6280.93,19.0,1.42,1.53
21,7017.85,5.8,1.8,1.53
24,6438.13,33.4,1.34,1.53
24,0.0,32.2,1.18,1.53
24,0.0,32.2,1.11,1.53
24,227.18,32.1,2.22,1.53
22,868.84,14.8,2.25,1.53
21,3600.0,14.2,1.25,1.54
24,5619.23,16.3,2.11,1.55
24,4136.78,20.6,2.24,1.55
24,1630.31,28.0,1.8,1.55
24,6236.18,16.4,2.09,1.55
24,1354.15,20.2,1.6,1.55
24,5625.14,16.3,2.11,1.55
15,3856.68,5.1,1.44,1.55
24,611.77,20.5,0.88,1.55
24,1162.75,29.3,1.02,1.55
24,5459.02,20.0,1.99,1.55
24,7325.85,20.4,2.29,1.55
24,137.62,19.9,1.11,1.55
19,6773.73,13.1,1.68,1.55
19,7195.47,12.5,2.64,1.55
24,0.0,19.9,1.35,1.55
20,2088.79,20.0,1.29,1.56
19,2840.13,10.8,1.46,1.56
19,238.57,10.0,1.49,1.56
23,6561.72,9.5,2.08,1.57
21,7152.57,8.3,1.84,1.57
23,5018.49,13.0,1.78,1.57
23,6568.32,9.5,2.06,1.57
24,5806.75,18.8,1.9,1.57
24,5762.51,19.8,2.07,1.57
22,408.76,10.0,1.54,1.57
24,0.0,18.7,0.82,1.57
19,0.0,11.3,1.44,1.57
23,7139.07,12.4,1.81,1.57
24,6663.93,19.7,1.54,1.57
22,0.0,10.0,1.46,1.57
24,5944.32,18.7,1.92,1.57
23,5087.72,12.6,1.8,1.57
23,7391.59,23.7,2.2,1.58
21,880.36,7.6,1.64,1.58
22,0.0,10.8,1.44,1.58
22,1695.42,10.8,1.55,1.58
21,5968.67,14.8,1.79,1.59
24,2567.15,31.3,2.54,1.59
24,0.0,29.9,1.13,1.59
24,0.0,29.5,1.46,1.59
21,6005.47,14.8,2.08,1.59
20,0.0,14.4,1.62,1.59
21,6011.83,14.8,1.97,1.59
24,865.7,18.3,1.36,1.6
24,6166.2,17.4,1.73,1.6
24,4827.77,17.6,2.13,1.6
24,4130.17,17.6,1.69,1.6
24,5255.88,17.3,2.3,1.6
24,7160.99,17.7,2.06,1.6
24,0.0,17.4,1.37,1.6
24,0.0,17.9,1.11,1.6
24,5692.81,34.8,1.16,1.62
21,6759.68,9.8,1.92,1.62
21,6673.19,9.8,1.9,1.62
24,1439.16,37.5,2.17,1.62
24,0.0,38.5,1.96,1.62
24,0.0,40.0,1.1,1.62
24,0.0,37.4,1.12,1.62
21,0.0,12.6,1.36,1.62
21,5933.93,9.3,2.01,1.62
22,0.0,25.0,1.0,1.63
21,2044.79,10.3,1.18,1.63
21,0.0,25.7,1.87,1.64
21,586.05,11.5,1.32,1.64
21,1730.69,25.1,1.88,1.64
21,2598.81,12.0,1.79,1.65
22,5576.75,27.0,2.11,1.66
22,0.0,26.5,1.39,1.66
20,1932.6,8.7,1.84,1.67
20,805.2,18.5,2.45,1.67
20,1936.07,8.7,1.82,1.67
20,4588.52,18.5,1.6,1.67
20,1257.54,17.4,2.01,1.68
20,1269.93,17.4,2.02,1.68
20,5372.49,17.3,1.91,1.68
20,5415.95,17.3,1.84,1.68
20,3337.61,13.1,1.69,1.68
20,6653.5,13.3,1.67,1.68
20,4588.0,15.3,1.76,1.69
20,0.0,10.6,1.52,1.69
18,6813.09,5.1,1.56,1.7
17,5175.72,6.1,1.68,1.7
18,228.27,5.8,1.57,1.7
17,51.07,6.2,1.99,1.7
14,5873.69,7.0,1.92,1.71
20,0.0,12.1,1.58,1.71
19,2320.66,27.0,2.18,1.74
24,9944.01,33.2,1.13,1.74
24,10876.71,34.6,2.53,1.74
19,0.0,26.8,2.06,1.74
16,4876.5,19.2,1.21,1.77
16,6858.96,19.6,1.41,1.77
16,3482.35,19.5,1.42,1.77
16,5124.74,7.3,1.7,1.77
18,3777.6,22.5,1.64,1.77
17,356.62,21.7,1.26,1.78
17,2781.27,22.1,1.21,1.78
24,8224.35,37.8,1.17,1.79
16,2944.86,8.1,1.79,1.8
13,0.0,5.0,1.52,1.8
16,0.0,7.8,1.64,1.8
10,186.65,19.5,2.05,1.82
10,2871.18,5.8,1.78,1.82
18,7035.83,19.2,1.95,1.83
18,1457.01,20.0,1.4,1.83
17,5582.4,19.7,1.82,1.83
12,5114.38,5.6,2.01,1.85
18,5284.57,21.4,2.66,1.85
16,4557.47,14.2,1.44,1.86
18,0.0,18.4,1.18,1.86
18,6573.44,13.9,1.99,1.86
16,4480.98,14.0,1.98,1.86
17,3386.44,18.8,1.37,1.86
16,3843.77,13.8,1.65,1.87
18,0.0,17.4,1.12,1.87
18,2047.24,17.1,1.68,1.87
16,7157.84,18.4,2.07,1.87
14,0.0,16.4,1.5,1.87
14,2780.74,15.5,1.37,1.87
17,3600.0,17.8,1.29,1.87
17,6077.85,17.4,2.08,1.87
18,1732.03,18.2,1.71,1.87
18,5533.71,17.6,1.89,1.87
14,0.0,16.5,1.47,1.87
16,233.51,19.0,2.02,1.87
16,3937.36,17.7,2.04,1.88
16,1082.05,16.9,2.13,1.88
18,2331.49,15.8,2.19,1.88
16,2287.39,17.1,1.84,1.88
18,2354.03,15.8,2.16,1.88
21,1921.86,27.8,1.87,1.89
18,5531.36,14.8,1.98,1.9
18,7006.58,14.6,1.86,1.9
18,5539.36,14.8,1.97,1.9
18,7013.49,14.6,1.82,1.9
17,5441.67,14.8,2.35,1.9
17,2199.93,14.8,1.26,1.9
16,2720.87,20.9,2.14,1.91
16,699.18,9.2,1.65,1.91
15,1161.64,18.8,1.7,1.91
23,962.17,28.0,1.8,1.92
15,6847.5,17.6,1.9,1.92
15,307.87,13.5,1.99,1.92
15,4668.36,16.8,2.32,1.92
24,10315.22,8.1,1.69,1.92
15,1434.15,16.8,1.63,1.92
15,7490.92,16.1,2.11,1.92
14,6566.5,9.9,2.53,1.93
15,134.09,15.1,1.64,1.93
10,7483.34,15.2,1.94,1.93
18,2750.74,12.7,2.15,1.94
24,8283.39,14.1,2.23,1.94
24,8870.82,14.0,1.84,1.94
18,2771.48,12.7,2.15,1.94
18,0.0,12.7,1.67,1.94
17,1270.1,12.8,1.5,1.94
24,8972.24,26.1,1.79,1.94
15,8278.49,4.8,1.47,1.94
17,1483.15,9.2,1.79,1.94
14,6280.56,10.8,1.77,1.94
24,7537.34,14.1,1.94,1.94
24,12712.31,27.3,2.35,1.94
15,8215.81,4.8,1.55,1.94
15,8219.45,4.8,1.54,1.94
17,1851.74,9.4,1.97,1.94
24,8673.62,13.7,1.87,1.95
16,1010.71,10.1,1.71,1.95
9,0.0,6.1,1.65,1.95
16,3611.22,9.7,2.21,1.95
24,11482.0,13.9,1.55,1.95
24,11920.71,13.4,2.05,1.95
18,3416.2,10.7,2.24,1.95
9,457.07,6.0,1.84,1.95
18,4238.32,12.1,1.66,1.96
14,8128.03,6.4,2.03,1.96
15,5593.17,8.9,2.16,1.96
15,2982.92,8.9,1.54,1.96
14,10722.42,5.2,2.49,1.96
16,6996.2,10.4,2.05,1.96
24,9782.64,9.0,1.62,1.96
24,12278.52,8.9,2.35,1.96
17,1288.95,11.2,1.81,1.96
14,8957.19,5.5,2.29,1.96
15,604.59,8.9,2.05,1.96
12,4971.22,7.5,2.27,1.97
16,0.0,11.8,1.52,1.98
24,11040.28,25.8,2.13,1.99
24,11053.44,25.8,2.16,1.99
24,14804.9,24.8,1.77,1.99
24,8323.44,25.8,1.31,1.99
24,10203.45,10.1,2.1,1.99
24,8088.31,11.2,1.77,1.99
24,14246.78,11.3,2.49,1.99
24,9658.01,10.1,2.07,1.99
24,9138.54,12.0,2.09,2.0
24,9148.56,12.0,2.1,2.0
12,3112.1,17.2,1.88,2.0
12,0.0,16.4,1.38,2.0
12,549.81,18.3,1.85,2.0
24,9619.72,10.5,2.21,2.0
5,2505.15,7.4,1.61,2.0
13,320.37,17.9,2.44,2.01
23,12250.2,16.9,2.18,2.01
23,10800.0,8.4,1.72,2.01
9,0.0,7.8,1.73,2.01
24,7990.0,21.0,2.04,2.02
24,8366.67,24.3,1.83,2.02
24,13330.28,24.4,2.33,2.02
24,10615.42,21.9,2.47,2.02
15,4658.68,11.5,2.06,2.02
24,10800.0,22.4,2.05,2.02
10,4200.28,13.3,1.55,2.02
24,9037.99,24.1,2.21,2.02
24,9271.08,22.2,2.03,2.02
24,10795.13,21.3,2.19,2.02
10,0.0,8.9,1.74,2.03
10,5671.65,8.8,2.34,2.03
22,8536.23,16.1,1.91,2.04
22,13420.54,13.9,2.15,2.04
23,13823.37,13.8,2.12,2.04
23,7929.12,18.9,2.4,2.04
23,8824.09,16.2,1.92,2.04
23,10556.39,16.4,1.83,2.04
23,14750.17,19.5,2.39,2.04
23,7855.09,16.5,1.72,2.04
23,12152.94,19.4,2.51,2.04
23,9132.61,19.1,1.87,2.04
23,12701.37,6.4,2.24,2.04
22,11338.63,16.6,2.47,2.04
23,10490.43,9.2,2.0,2.05
21,9779.93,5.8,1.79,2.05
21,14397.35,18.7,1.78,2.05
23,8415.52,8.9,2.08,2.05
22,12910.49,8.8,1.97,2.05
23,14358.02,15.7,2.17,2.05
21,9822.77,5.8,1.9,2.05
21,9833.7,5.8,1.89,2.05
24,11110.38,22.8,2.31,2.06
24,8292.96,23.1,2.18,2.06
10,1902.28,23.0,2.17,2.06
21,14749.04,17.9,2.62,2.06
10,3995.77,9.5,1.61,2.06
21,8603.72,16.2,1.72,2.07
21,10903.84,13.5,1.92,2.07
24,8967.09,16.9,2.3,2.07
21,8644.25,16.2,1.84,2.07
21,10974.5,13.5,1.92,2.07
23,13852.06,15.3,2.36,2.07
16,12813.57,6.4,2.29,2.07
24,9258.41,16.8,2.04,2.07
12,7200.0,15.6,2.15,2.07
14,525.79,25.6,1.72,2.07
22,7677.38,22.6,1.69,2.07
20,13166.63,14.1,2.55,2.07
24,9793.47,16.8,1.98,2.07
22,9241.32,19.9,2.73,2.08
11,6524.09,14.2,2.47,2.08
11,0.0,14.4,1.46,2.08
21,9997.26,19.6,1.81,2.09
20,7570.3,8.7,1.81,2.09
21,10930.88,20.2,1.75,2.09
13,1398.0,15.6,2.29,2.09
21,10007.88,19.6,1.84,2.09
20,7607.05,8.7,1.8,2.09
18,15202.58,5.9,2.13,2.09
20,9218.33,13.9,2.37,2.09
20,8279.24,9.0,1.93,2.09
23,11102.96,7.0,2.24,2.09
18,15267.55,5.9,2.26,2.09
18,15276.99,5.9,2.23,2.09
14,10249.43,7.6,2.09,2.1
9,0.0,12.7,1.87,2.1
9,1342.61,12.9,1.78,2.1
11,3244.23,15.8,2.12,2.1
9,7275.84,14.5,2.5,2.1
24,14428.09,28.2,2.29,2.1
24,12757.62,15.9,2.24,2.11
24,10412.75,16.4,2.36,2.11
9,0.0,10.5,1.97,2.11
24,8412.48,15.9,2.09,2.11
24,12019.72,16.4,2.23,2.11
24,12228.69,16.3,2.28,2.11
21,13214.63,21.7,2.42,2.11
24,12209.2,16.3,2.27,2.11
21,13273.09,21.7,2.35,2.11
12,2115.87,14.8,2.12,2.11
24,9950.25,15.6,1.82,2.11
24,8303.38,15.4,2.22,2.11
21,10503.81,20.7,2.5,2.11
21,12544.93,22.2,2.35,2.11
17,3546.47,27.3,1.92,2.11
13,2515.13,22.8,2.41,2.11
5,6324.02,8.9,1.96,2.11
23,13496.71,14.7,1.92,2.11
21,12558.23,15.0,1.93,2.11
24,9287.28,15.5,1.81,2.11
23,9171.74,13.2,2.06,2.12
23,15282.46,13.3,2.34,2.12
8,796.31,14.1,2.25,2.12
5,0.0,21.7,2.2,2.12
23,8576.96,12.2,1.98,2.12
13,5919.44,14.6,2.68,2.12
23,11190.94,12.2,1.95,2.12
22,11399.53,23.2,2.22,2.13
15,7367.35,23.0,2.82,2.13
8,1443.48,18.4,2.29,2.13
22,14735.48,10.4,2.01,2.13
23,14533.82,10.5,2.22,2.13
22,10898.6,10.7,2.03,2.13
22,10904.72,10.3,2.27,2.13
20,9681.55,19.4,2.09,2.14
24,10353.34,19.2,2.05,2.14
20,9745.75,19.4,2.05,2.14
21,9414.5,12.5,2.21,2.14
20,15466.79,5.2,2.29,2.14
24,12789.68,19.9,2.67,2.14
12,856.37,11.6,1.93,2.14
21,15566.08,12.5,2.43,2.14
22,10075.75,11.3,2.4,2.14
24,9343.5,19.7,1.74,2.14
20,15440.77,5.2,2.47,2.14
20,15443.71,5.2,2.44,2.14
12,14837.96,5.5,1.82,2.14
20,12001.26,18.9,2.52,2.15
23,12168.45,11.6,2.06,2.15
20,14063.78,18.6,2.6,2.15
8,6590.65,16.8,2.37,2.15
22,10576.51,24.6,1.77,2.15
8,2880.65,15.9,2.53,2.15
22,10002.97,24.5,2.26,2.15
23,10866.01,11.9,2.28,2.15
6,2239.05,7.2,2.36,2.15
22,8499.46,11.9,1.98,2.15
11,7474.95,13.3,2.56,2.15
24,10976.0,17.3,1.88,2.16
20,10995.27,18.2,2.13,2.16
24,12096.86,17.9,2.21,2.16
24,7538.07,18.2,1.99,2.16
24,11029.43,17.3,1.87,2.16
20,11054.17,18.2,2.15,2.16
24,9672.87,17.7,2.37,2.16
24,12535.62,17.3,2.36,2.16
11,3321.79,12.0,2.42,2.16
11,3303.25,12.0,2.42,2.16
8,4631.57,8.7,2.57,2.16
20,10896.03,9.7,1.88,2.16
20,13870.01,12.5,2.88,2.16
20,7769.33,17.4,1.47,2.16
20,14086.53,18.0,2.51,2.16
6,7040.95,12.2,1.98,2.16
15,11852.08,7.4,2.44,2.17
6,4274.58,10.2,2.6,2.17
20,10312.71,21.4,2.34,2.17
6,3409.87,10.8,2.2,2.17
6,5668.74,9.5,2.37,2.18
8,7422.23,13.2,2.62,2.18
22,14713.57,27.2,2.68,2.18
6,227.01,11.6,1.84,2.18
18,14152.77,7.3,2.23,2.18
18,8684.43,7.2,1.95,2.18
23,2221.72,33.5,2.27,2.19
20,9796.9,11.9,2.04,2.19
17,11133.73,6.6,1.98,2.19
23,0.0,33.4,1.71,2.19
23,4840.89,33.6,2.66,2.19
8,1675.16,10.3,1.72,2.19
17,13989.96,7.6,2.37,2.19
17,11177.75,6.6,2.14,2.19
17,11186.2,6.6,2.11,2.19
17,7376.67,22.8,3.0,2.2
14,11397.33,14.0,2.68,2.21
19,7790.08,14.3,2.0,2.21
14,11403.71,14.0,2.63,2.21
14,9568.21,14.3,2.32,2.21
14,10936.31,14.0,2.13,2.21
6,5198.88,15.3,2.58,2.21
20,13597.65,23.4,2.18,2.21
14,7891.98,13.6,1.65,2.22
19,14719.63,18.3,1.57,2.22
14,11558.82,13.8,2.58,2.22
20,14400.0,24.2,2.2,2.22
14,14937.69,13.4,2.75,2.22
19,11805.73,15.5,2.1,2.23
19,9170.14,15.4,2.15,2.23
19,14741.15,16.2,2.19,2.23
19,11202.11,19.9,2.08,2.23
19,11373.41,15.5,1.78,2.23
19,11803.08,15.5,2.09,2.23
19,7534.37,15.2,2.41,2.23
19,13843.11,15.9,2.79,2.23
17,12154.82,14.0,2.13,2.24
7,6544.79,12.0,2.57,2.24
19,13598.57,21.7,2.21,2.24
5,5140.99,17.7,2.28,2.24
17,10490.07,13.9,1.99,2.25
17,10582.03,13.9,1.96,2.25
19,10610.42,21.1,2.73,2.25
20,10360.95,27.5,2.01,2.25
19,15083.18,21.2,2.18,2.25
23,2346.14,37.2,2.5,2.25
19,12031.37,8.5,2.66,2.25
15,14534.5,9.2,1.96,2.25
19,8620.94,21.4,1.55,2.25
14,12187.89,14.8,2.15,2.26
14,12241.93,14.8,2.13,2.26
19,11778.67,7.2,2.06,2.26
14,10187.58,14.8,1.47,2.26
15,8374.2,14.3,1.91,2.26
19,12525.25,7.0,2.11,2.26
14,13019.59,18.3,1.75,2.27
17,14156.99,9.1,1.78,2.27
14,12571.79,17.6,2.49,2.27
12,11246.94,6.8,1.67,2.27
11,15225.56,5.2,2.43,2.27
17,14122.09,9.1,1.95,2.27
17,14128.75,9.1,1.89,2.27
12,12603.09,7.6,2.1,2.27
24,17738.54,25.7,2.46,2.28
24,20594.51,25.8,2.4,2.28
24,19283.09,26.0,2.45,2.28
24,18000.0,25.4,1.95,2.28
24,19920.34,25.2,2.13,2.28
24,15875.97,25.6,2.16,2.28
13,14432.81,7.2,2.49,2.28
24,19995.58,25.4,2.95,2.28
1,4795.89,10.1,1.85,2.29
10,13382.05,8.1,2.01,2.29
14,13425.74,20.1,2.28,2.3
18,11589.91,14.6,2.34,2.3
22,1031.38,31.8,2.57,2.3
18,13907.81,18.9,1.93,2.3
22,1151.55,32.8,2.0,2.3
19,10309.67,23.1,2.23,2.3
24,18845.93,14.0,2.52,2.3
12,10394.97,8.0,2.45,2.3
19,9494.17,10.4,2.09,2.31
19,13064.08,10.3,2.25,2.31
19,10045.19,10.2,2.31,2.31
19,9580.33,10.7,2.11,2.31
18,14965.1,16.7,2.93,2.31
19,9497.31,10.4,2.09,2.31
11,14536.89,9.3,2.69,2.31
11,11974.58,8.7,2.05,2.31
18,13177.51,19.5,1.99,2.31
17,11705.04,17.1,1.83,2.31
17,15267.08,16.8,2.69,2.31
19,15568.88,11.8,2.67,2.32
19,14400.0,11.7,2.53,2.32
18,14816.89,15.6,2.55,2.32
18,13971.68,16.5,2.62,2.32
18,14733.97,15.6,2.49,2.32
17,12032.97,15.2,2.68,2.32
16,9056.3,17.3,2.07,2.32
15,11291.12,15.9,2.3,2.32
15,10147.09,15.5,2.38,2.32
1,6416.7,6.9,2.24,2.32
1,6786.56,7.0,2.16,2.32
17,14668.49,13.2,2.62,2.33
18,14400.0,13.0,2.91,2.33
18,10563.2,12.7,2.36,2.33
10,11101.48,15.1,2.31,2.33
24,18607.64,23.7,2.69,2.33
13,12049.62,14.4,2.15,2.33
13,8840.99,14.3,2.24,2.33
17,12331.9,20.3,2.51,2.33
14,10606.22,11.6,2.52,2.33
17,11509.97,12.2,2.56,2.33
10,13441.76,20.2,2.54,2.33
18,13700.34,19.9,1.88,2.33
17,9662.51,13.1,2.03,2.33
18,8274.79,10.1,2.14,2.33
15,8821.88,19.7,2.25,2.33
18,12628.26,10.7,1.93,2.34
10,15036.08,17.1,2.63,2.34
17,14570.4,10.0,2.83,2.34
16,7636.37,12.7,2.1,2.34
24,16373.55,8.7,2.19,2.34
24,15839.51,12.9,2.3,2.34
24,20144.19,13.0,2.79,2.34
24,20223.74,8.7,2.52,2.34
10,9099.53,16.7,2.12,2.34
18,14194.25,10.5,2.47,2.34
18,12565.71,10.7,2.22,2.34
18,12571.22,10.7,2.11,2.34
11,11442.79,7.4,2.5,2.34
23,16534.92,17.5,2.36,2.35
24,18494.55,21.8,2.6,2.35
17,10038.83,10.2,2.53,2.35
24,18631.76,22.6,1.78,2.35
23,18886.57,18.4,1.8,2.35
24,17954.57,22.4,2.79,2.35
12,14256.99,16.3,2.47,2.35
15,13937.59,12.7,2.58,2.35
24,18380.03,22.1,2.16,2.35
24,16602.83,22.2,2.75,2.35
18,15015.73,12.1,2.27,2.36
17,12335.02,20.8,2.91,2.36
18,15018.88,12.1,2.27,2.36
17,14758.88,12.0,2.74,2.36
12,12574.05,19.2,2.25,2.36
12,13823.67,16.6,2.18,2.36
24,15755.76,20.9,2.65,2.36
17,7899.72,11.5,2.0,2.36
16,15098.53,11.3,2.46,2.36
12,11899.49,18.0,2.08,2.36
24,17244.72,23.5,2.13,2.37
24,20395.31,22.8,2.44,2.37
24,19918.04,23.5,1.63,2.37
24,17569.67,23.5,2.49,2.37
10,14026.6,12.2,2.49,2.37
14,10900.11,20.8,2.01,2.37
12,10402.72,19.9,2.36,2.37
24,18923.68,11.4,2.34,2.37
24,18678.76,11.2,2.61,2.37
16,12982.96,11.9,2.61,2.37
15,11322.57,11.1,2.04,2.37
11,13478.73,18.9,2.56,2.37
13,7657.56,19.1,2.33,2.37
9,12830.65,4.8,2.43,2.38
13,13483.18,20.1,2.35,2.38
12,14509.0,15.3,2.39,2.38
21,5858.41,36.2,2.76,2.38
11,11412.13,16.6,2.78,2.38
8,14847.56,8.7,2.48,2.38
18,16184.85,5.0,2.21,2.38
13,20783.58,6.3,2.7,2.38
13,13941.48,20.4,2.12,2.38
9,13531.02,14.1,2.19,2.39
10,8519.07,21.5,2.21,2.39
14,16130.54,6.5,2.55,2.39
24,22293.63,29.7,1.86,2.39
14,20002.91,7.2,2.23,2.39
11,10263.84,12.5,2.49,2.39
24,17053.21,16.0,2.33,2.39
12,12130.5,13.1,1.83,2.39
24,21382.96,31.2,2.7,2.39
14,19209.94,7.3,2.56,2.39
12,11429.8,11.9,1.74,2.4
23,18496.66,19.1,2.56,2.4
24,17796.43,17.6,2.74,2.4
20,7350.92,31.0,2.86,2.4
1,7581.25,7.3,2.69,2.4
19,4116.43,32.1,2.15,2.4
13,13152.17,11.2,2.46,2.4
11,10166.7,15.3,2.37,2.4
13,13443.68,11.3,2.37,2.4
24,19970.84,17.7,2.93,2.4
4,10511.74,8.2,2.45,2.4
10,15354.86,11.5,2.57,2.4
3,11323.28,9.0,2.3,2.4
15,10750.94,22.1,2.35,2.41
24,22858.9,28.4,2.05,2.41
18,13071.65,23.0,2.66,2.41
16,11437.72,23.4,1.78,2.41
13,12988.23,12.0,2.37,2.41
19,17894.42,17.0,2.62,2.41
24,21617.99,28.7,2.39,2.41
10,14750.4,10.0,2.56,2.41
19,17615.23,16.8,2.06,2.41
24,16093.92,19.5,2.39,2.42
24,19722.65,19.5,2.32,2.42
23,19618.85,21.8,2.13,2.42
3,10397.42,7.4,2.3,2.42
22,13052.96,28.7,2.34,2.42
23,18866.25,20.3,2.02,2.42
11,13544.98,11.1,1.55,2.42
19,16802.25,17.3,2.0,2.42
23,17800.13,21.9,1.77,2.42
23,15756.23,22.6,1.91,2.42
11,13903.5,11.8,2.74,2.42
17,14644.05,23.6,2.23,2.42
8,10852.9,13.5,2.22,2.42
8,12570.28,13.5,2.37,2.42
19,16686.17,17.9,2.23,2.42
2,3600.0,7.3,1.54,2.42
24,19841.77,19.9,2.38,2.43
24,19936.23,19.9,2.39,2.43
24,18008.87,20.3,2.5,2.43
24,18960.9,19.9,2.53,2.43
16,15240.05,23.9,2.64,2.43
24,18074.74,20.1,2.91,2.43
12,19986.36,6.3,3.1,2.43
4,7777.07,7.0,2.59,2.43
19,18031.94,15.9,2.05,2.43
12,16499.45,5.7,1.94,2.43
22,18134.17,16.9,2.28,2.44
23,18736.63,15.0,2.19,2.44
22,17333.96,17.9,2.03,2.44
23,20525.12,21.1,2.73,2.44
23,17969.88,21.4,2.09,2.44
22,17782.1,17.0,1.91,2.44
23,17634.34,15.2,2.5,2.44
14,4081.32,29.1,2.73,2.44
23,20163.61,20.7,2.51,2.44
14,9832.14,23.9,2.48,2.44
7,15427.96,7.7,2.34,2.44
23,19898.62,20.9,2.96,2.44
13,11465.37,20.7,2.54,2.44
16,19982.79,6.9,2.67,2.45
8,14622.31,3.9,2.54,2.45
6,13174.28,8.8,2.61,2.45
16,19041.43,6.5,1.99,2.45
16,18566.69,6.6,2.66,2.45
23,16604.73,14.1,2.47,2.45
8,14542.08,3.9,2.66,2.45
8,14550.1,3.9,2.63,2.45
21,15869.74,16.5,2.02,2.46
23,15532.22,27.7,2.43,2.46
8,11322.66,13.3,2.42,2.46
8,14751.12,14.5,2.5,2.46
23,12091.11,27.7,2.85,2.46
23,14041.46,28.5,2.43,2.46
1,1413.02,11.4,2.02,2.46
9,12020.61,19.8,2.4,2.46
2,14989.78,8.5,2.39,2.46
21,17040.33,17.7,2.41,2.46
19,18375.51,19.5,3.05,2.46
2,6532.82,9.1,2.52,2.46
8,15399.26,12.8,2.83,2.46
8,14598.6,9.7,2.48,2.47
6,12049.11,13.7,2.5,2.47
9,15073.48,16.3,2.47,2.47
8,11387.06,18.6,2.0,2.47
4,13233.88,6.1,2.49,2.48
9,13667.28,17.4,3.18,2.48
9,12403.45,17.3,2.58,2.48
15,14834.9,26.0,2.71,2.48
8,8725.35,15.6,1.77,2.48
16,16874.29,8.4,2.78,2.48
23,18811.1,23.0,2.7,2.48
15,791.19,27.8,2.86,2.49
15,2050.21,28.9,2.43,2.49
5,10903.07,12.5,2.36,2.49
8,10578.84,17.3,2.49,2.49
8,11749.84,16.9,2.52,2.49
2,9568.04,7.4,2.29,2.49
20,18892.15,18.4,2.12,2.5
22,17602.13,16.0,1.85,2.5
22,18294.82,15.4,2.01,2.5
10,17202.12,6.0,2.36,2.5
20,14725.51,28.2,2.53,2.5
20,17442.52,18.4,2.52,2.5
10,20486.21,6.1,2.81,2.5
7,14984.27,6.8,2.93,2.5
22,17568.32,15.0,2.34,2.5
7,10577.79,6.6,2.18,2.5
20,15728.18,18.4,2.55,2.5
24,18015.72,33.6,2.96,2.51
19,18813.54,21.3,2.6,2.51
20,18363.9,17.0,2.9,2.51
17,20219.33,7.8,2.25,2.51
19,18522.55,20.9,2.13,2.51
24,17452.99,33.4,1.33,2.51
24,15751.15,31.8,1.55,2.51
24,19640.5,32.4,2.86,2.51
24,18612.46,33.0,3.29,2.51
24,16534.99,32.8,2.87,2.51
24,16411.56,31.6,2.93,2.51
22,18190.19,13.6,2.54,2.52
7,13920.47,18.8,2.94,2.52
6,8181.89,11.5,2.23,2.52
23,19347.08,14.9,3.02,2.53
18,16592.69,14.1,2.68,2.53
21,17823.34,13.4,2.63,2.53
21,19863.31,19.5,2.77,2.53
22,18170.63,20.0,3.0,2.53
21,17698.38,19.4,2.51,2.53
22,20441.61,20.6,3.3,2.53
22,17925.05,20.2,3.12,2.53
16,19255.72,9.4,2.43,2.53
6,12330.49,12.0,2.59,2.53
6,13893.8,9.9,2.85,2.53
19,15621.51,10.7,2.17,2.53
6,13681.31,7.4,2.89,2.53
23,20380.7,6.6,2.76,2.53
16,19132.26,14.2,2.84,2.54
19,20112.88,10.9,2.46,2.54
19,20050.03,10.9,2.47,2.54
19,16897.89,11.2,1.79,2.54
24,21857.41,10.4,2.21,2.54
16,16797.76,14.3,2.23,2.54
15,17204.86,8.9,2.64,2.54
1,15412.04,11.4,2.55,2.54
15,19859.4,8.9,2.72,2.54
14,18185.29,14.7,2.57,2.55
9,11118.77,23.4,1.92,2.55
14,17159.74,19.0,2.69,2.55
19,20762.17,11.6,2.81,2.55
14,19648.65,18.6,2.86,2.55
21,15580.31,20.6,2.54,2.55
23,17519.47,12.4,1.98,2.55
23,18156.5,12.5,2.45,2.55
15,16570.08,14.2,2.25,2.55
10,19562.14,8.1,2.81,2.56
24,23229.58,19.8,1.63,2.56
24,20650.13,37.9,2.34,2.56
14,18046.23,17.1,3.1,2.56
17,18320.71,9.4,2.09,2.56
14,20208.55,16.9,3.03,2.56
14,16955.67,15.3,2.47,2.56
14,20611.84,16.1,2.94,2.56
12,17333.7,6.5,2.12,2.56
12,19413.83,7.6,2.91,2.56
21,19621.05,5.2,3.05,2.56
17,15855.66,8.9,2.89,2.56
22,18806.55,8.4,2.32,2.56
24,21249.45,19.1,2.72,2.56
12,19134.98,6.6,2.79,2.56
4,5013.28,10.2,2.63,2.57
24,22088.91,17.8,2.57,2.57
4,5025.6,10.2,2.57,2.57
14,16215.3,10.1,2.57,2.57
24,21091.93,17.4,2.15,2.57
17,19021.31,18.4,2.08,2.57
17,19864.03,18.9,3.39,2.57
10,17864.97,14.2,2.54,2.57
14,20751.21,9.6,2.82,2.57
13,16106.08,7.2,2.65,2.57
23,19278.97,10.7,2.36,2.57
13,20789.88,6.5,2.89,2.57
10,20792.57,6.6,2.84,2.57
10,16923.39,7.1,2.18,2.57
7,14516.09,6.3,2.69,2.57
23,18659.01,11.6,2.96,2.58
23,18687.07,11.6,2.95,2.58
12,15923.89,9.2,2.48,2.58
24,23789.61,25.2,2.78,2.58
24,26733.74,14.5,2.13,2.58
10,17151.9,13.4,1.82,2.58
12,18133.62,9.3,2.53,2.58
12,17508.02,8.8,2.87,2.58
12,19189.32,8.7,2.27,2.58
20,17618.61,8.7,2.36,2.58
24,23254.71,13.1,2.37,2.58
24,22073.75,12.9,2.78,2.58
18,20750.03,17.4,2.76,2.58
24,26688.72,14.5,2.45,2.58
24,26696.28,14.5,2.28,2.58
16,18439.8,16.8,2.62,2.59
24,24135.18,15.3,2.83,2.59
20,20514.59,14.9,3.03,2.59
17,16097.61,16.3,2.59,2.59
10,18280.8,15.1,2.58,2.59
17,20079.11,15.6,2.44,2.59
23,16706.68,25.8,2.57,2.59
17,17573.56,14.5,3.1,2.59
16,19576.17,16.7,2.44,2.59
16,15629.15,18.3,2.03,2.59
24,21706.61,15.2,2.46,2.59
23,24143.24,8.3,2.61,2.59
5,8081.12,15.1,2.85,2.59
12,20432.83,8.6,2.66,2.59
18,17095.03,20.2,2.61,2.6
23,19449.19,24.3,2.94,2.6
16,15661.54,16.3,2.61,2.6
20,19543.52,8.3,2.63,2.6
16,18339.67,15.9,2.71,2.6
16,18000.0,16.0,2.35,2.6
20,17698.13,21.3,2.52,2.6
17,20058.57,20.2,3.08,2.6
5,14302.97,16.1,2.94,2.6
10,16547.29,18.5,2.51,2.6
17,18582.14,20.4,2.35,2.6
20,19026.43,7.9,2.32,2.6
6,10267.96,17.2,2.67,2.6
20,19032.91,20.9,2.38,2.6
13,18836.38,7.7,2.35,2.6
24,23171.73,12.6,2.5,2.6
23,17137.61,24.2,2.84,2.6
13,19259.18,7.9,2.8,2.6
15,19181.0,14.8,2.44,2.6
11,18636.68,6.5,2.72,2.61
15,18350.7,15.3,2.64,2.61
14,2241.48,31.1,3.23,2.61
15,17274.07,18.2,3.16,2.61
6,14680.11,15.7,2.68,2.61
14,20401.82,11.3,2.77,2.61
10,17649.7,17.9,2.87,2.61
14,16696.57,10.9,2.41,2.61
22,18441.39,10.1,2.96,2.61
22,19872.35,9.5,2.35,2.61
11,20075.69,6.6,2.94,2.61
21,18338.12,23.1,2.49,2.62
24,21240.47,22.2,2.91,2.62
10,17848.96,14.5,2.41,2.62
20,19314.64,23.5,2.52,2.62
24,23703.47,24.5,2.64,2.62
17,19786.1,13.2,2.13,2.62
16,19968.64,21.4,2.86,2.62
10,17258.0,14.8,2.87,2.62
12,11549.99,23.5,2.76,2.62
18,18420.29,12.9,2.97,2.62
24,21692.04,24.4,2.21,2.62
17,19995.86,12.4,2.92,2.62
24,21653.43,32.6,2.49,2.62
18,17051.52,12.4,2.61,2.62
14,19049.38,12.0,2.79,2.62
13,15263.42,26.8,2.54,2.62
3,7677.8,11.9,2.32,2.62
17,19495.18,12.4,2.81,2.62
17,15870.99,13.1,2.13,2.62
24,22889.99,22.6,2.21,2.62
21,20332.88,12.8,2.6,2.62
20,16153.53,23.3,2.67,2.62
24,23086.68,21.1,2.6,2.63
17,16975.96,22.4,3.23,2.63
16,18000.0,13.1,2.45,2.63
13,19494.94,13.8,2.95,2.63
21,17777.69,10.0,2.26,2.63
24,21398.4,14.8,3.19,2.63
24,23279.1,20.7,2.74,2.63
17,17005.57,21.1,2.69,2.63
21,17879.15,24.3,2.91,2.63
17,16938.98,21.1,2.67,2.63
17,20424.64,9.5,3.25,2.63
17,20164.46,10.1,2.78,2.63
18,20111.93,10.2,2.92,2.63
16,15601.95,13.0,2.63,2.63
13,18152.22,13.8,3.22,2.63
16,19858.94,12.8,3.13,2.63
18,16534.92,11.0,2.43,2.64
24,27649.46,13.6,2.78,2.64
24,26406.45,13.7,2.46,2.64
24,22344.71,22.9,2.75,2.64
16,19305.46,10.3,3.2,2.64
24,22412.03,23.0,2.51,2.64
10,17210.64,13.0,1.83,2.64
17,18091.29,10.9,3.14,2.64
11,13087.36,22.8,3.14,2.64
11,14775.83,22.9,2.37,2.64
17,15825.67,10.5,2.72,2.64
11,9093.67,23.1,2.83,2.64
16,20544.82,10.7,2.42,2.64
21,18617.16,10.5,2.81,2.64
10,20619.35,13.2,3.15,2.64
10,16903.51,12.2,2.32,2.64
23,22827.38,18.4,2.4,2.64
11,19894.69,19.1,2.24,2.64
8,18119.87,9.3,2.29,2.64
23,22020.27,16.9,2.62,2.65
23,22132.23,19.7,2.74,2.65
24,22995.2,20.3,2.9,2.65
23,21258.91,19.5,2.76,2.65
16,20576.54,11.1,3.37,2.65
23,21637.53,18.0,2.66,2.65
23,22040.18,16.9,2.64,2.65
13,16945.26,16.2,2.06,2.65
10,15995.39,21.1,2.59,2.65
21,20412.85,11.9,2.68,2.65
23,21681.18,19.7,2.6,2.65
13,20214.83,18.1,2.58,2.66
5,8579.16,18.6,1.64,2.66
20,20815.12,10.7,2.69,2.66
12,17134.76,14.8,1.96,2.66
13,18603.15,20.2,2.65,2.66
16,16655.33,12.1,2.41,2.66
9,16292.45,13.4,2.82,2.66
20,20058.87,10.7,2.68,2.66
23,23139.43,16.5,2.76,2.66
20,19864.55,11.6,3.1,2.67
11,20588.76,15.3,3.11,2.67
23,22788.03,16.0,2.77,2.67
13,16950.7,12.4,2.99,2.67
13,16622.17,12.5,1.67,2.67
5,16199.37,8.0,2.21,2.67
3,9250.16,13.8,2.82,2.67
3,9371.3,13.7,2.25,2.67
21,16661.87,25.4,2.75,2.67
7,18000.0,8.7,2.79,2.67
7,18980.63,8.7,2.73,2.67
8,20031.61,5.3,2.46,2.67
8,17491.81,14.3,1.88,2.67
15,20475.57,11.8,2.39,2.67
20,15882.62,11.2,2.74,2.67
8,19876.73,7.7,2.99,2.67
9,18711.72,7.0,2.75,2.67
24,15659.01,29.3,2.89,2.68
11,18160.84,10.2,2.0,2.68
24,19082.22,29.0,2.36,2.68
24,15689.25,28.5,3.0,2.68
24,16148.06,28.5,2.37,2.68
12,15779.36,10.3,2.79,2.68
12,20139.19,12.9,3.08,2.68
13,16330.64,15.3,2.52,2.68
12,19436.21,12.9,2.75,2.68
12,18993.4,10.2,2.91,2.68
13,20444.55,9.7,2.47,2.68
10,16880.93,9.9,3.1,2.68
13,19915.43,15.0,3.15,2.68
12,19220.85,10.3,2.69,2.68
11,18503.71,13.0,2.78,2.68
12,18944.31,10.4,2.4,2.68
24,28327.94,13.2,3.18,2.68
8,15644.25,7.5,2.65,2.68
8,18000.0,7.5,2.17,2.68
10,18309.78,10.7,2.74,2.69
13,20292.51,10.3,2.92,2.69
13,20310.57,10.3,2.92,2.69
5,18512.96,8.9,3.24,2.69
24,27188.3,12.5,2.57,2.69
5,18553.43,9.4,2.54,2.69
5,18278.26,9.1,2.53,2.69
13,18087.26,11.2,2.29,2.69
22,22080.3,18.9,2.45,2.7
22,22106.82,18.9,2.44,2.7
23,23525.96,15.3,3.02,2.7
13,19316.64,11.6,2.97,2.7
6,18649.03,9.4,2.55,2.7
15,20411.35,21.3,3.11,2.7
2,11607.34,11.9,2.89,2.7
6,18951.32,9.2,2.68,2.7
22,23271.46,17.1,2.53,2.71
22,23325.59,17.1,2.54,2.71
9,16093.84,15.3,2.6,2.71
24,24926.34,25.3,2.37,2.71
5,17945.48,14.3,2.7,2.71
5,17333.44,14.2,3.04,2.71
9,18772.18,15.3,2.58,2.71
24,19471.14,27.2,2.96,2.72
24,18000.0,27.5,1.85,2.72
14,20229.37,23.8,2.51,2.72
14,20179.22,23.8,2.46,2.72
8,17568.16,12.7,2.87,2.72
9,20254.23,16.1,3.02,2.72
1,4043.1,13.0,2.9,2.72
0,4956.73,17.4,2.88,2.72
9,20817.5,16.0,2.79,2.72
9,20587.19,16.1,2.96,2.72
7,17149.36,6.5,2.77,2.72
23,23021.46,9.6,2.78,2.72
21,23072.49,16.9,2.52,2.73
19,21980.57,18.5,2.92,2.73
19,21844.11,18.8,3.02,2.73
19,22375.19,18.9,3.27,2.73
21,23169.0,16.9,2.51,2.73
19,22009.83,18.5,2.71,2.73
21,24006.59,17.2,2.4,2.73
9,17115.26,16.9,2.89,2.73
7,15379.98,23.3,3.11,2.73
6,18169.04,13.6,2.81,2.73
21,24058.75,17.2,2.96,2.73
21,24068.02,17.2,2.69,2.73
24,25529.64,18.8,2.99,2.74
21,23108.5,16.3,2.44,2.74
19,22121.21,16.6,3.23,2.74
9,20139.2,20.9,2.43,2.74
9,17304.18,25.4,2.58,2.74
8,19029.84,10.9,2.93,2.74
8,18610.99,10.2,3.06,2.74
8,16209.72,10.6,2.83,2.74
24,26159.99,24.1,2.98,2.75
19,22538.87,19.2,2.25,2.75
24,25886.0,16.8,3.12,2.75
24,25390.26,22.4,2.74,2.75
19,21274.81,15.3,2.83,2.75
8,17278.28,17.3,2.83,2.75
8,20175.83,18.3,2.88,2.75
8,17016.51,16.8,2.76,2.75
8,17378.03,17.3,2.95,2.75
15,25641.9,6.4,3.26,2.75
15,23178.62,7.2,2.39,2.76
24,24372.12,16.1,2.56,2.76
24,25301.26,21.3,3.46,2.76
23,24021.55,22.9,2.8,2.76
21,21157.15,19.5,2.27,2.76
15,23258.0,7.2,2.38,2.76
23,23372.27,23.2,2.51,2.76
15,20025.11,23.1,2.41,2.76
7,19103.42,20.2,2.68,2.76
24,26150.62,21.3,2.17,2.76
15,18800.62,22.7,3.08,2.76
7,16248.61,17.6,3.23,2.76
14,14404.12,27.9,2.73,2.76
3,6399.36,14.4,3.0,2.76
5,18561.38,10.7,3.31,2.76
22,23403.06,15.5,3.0,2.77
22,23474.09,15.5,2.93,2.77
20,23695.18,18.8,2.85,2.77
20,22566.9,19.0,2.7,2.77
14,24629.88,6.0,2.23,2.77
6,16043.73,13.0,3.32,2.77
6,17269.93,13.0,2.71,2.77
4,8572.63,17.6,2.75,2.77
14,24716.11,6.0,2.37,2.77
15,16187.98,24.3,3.06,2.77
14,24768.57,5.6,2.94,2.77
22,21697.12,15.5,2.85,2.77
14,24727.17,6.0,2.33,2.77
15,24804.17,6.6,3.32,2.77
24,25645.06,20.3,2.82,2.78
20,22701.27,16.8,2.94,2.78
23,28292.89,14.9,2.56,2.78
20,22051.67,16.1,2.57,2.78
24,25716.43,20.3,2.78,2.78
20,22776.57,16.8,2.93,2.78
22,21002.46,14.3,2.88,2.78
22,23738.77,14.0,2.41,2.78
18,5571.31,31.4,2.66,2.78
17,4828.73,32.6,2.88,2.78
2,1759.09,14.9,2.41,2.78
7,16862.4,12.9,3.07,2.78
7,16501.77,18.4,3.05,2.78
16,26216.46,7.6,2.84,2.78
20,22621.57,16.7,2.55,2.78
22,23786.8,14.0,2.84,2.78
22,23794.65,14.0,2.67,2.78
19,25466.75,13.5,2.18,2.79
21,23212.28,15.6,2.68,2.79
22,22797.3,13.7,3.0,2.79
21,22788.71,15.6,2.96,2.79
19,25573.67,13.5,2.13,2.79
4,12622.52,15.0,2.77,2.79
12,3783.7,33.2,2.44,2.79
5,17808.37,5.0,3.16,2.79
6,19599.29,12.1,2.54,2.79
7,18000.0,10.6,2.58,2.79
4,9785.87,15.1,2.66,2.79
7,18094.94,10.5,2.67,2.79
7,17619.41,5.0,2.29,2.79
7,16489.82,5.2,2.86,2.79
7,17214.08,10.6,2.32,2.79
23,21814.64,14.8,2.42,2.8
24,30893.98,13.5,2.93,2.8
23,21908.9,14.8,2.46,2.8
23,26229.7,13.4,3.05,2.8
7,20612.48,12.0,2.84,2.8
19,21475.42,14.9,2.76,2.8
8,16371.65,22.0,3.93,2.8
12,16154.71,25.7,3.26,2.8
4,9941.21,15.7,2.71,2.8
2,1361.51,16.6,2.39,2.8
0,14054.05,5.9,2.68,2.8
20,22990.13,15.0,2.34,2.8
19,25328.93,7.7,2.81,2.8
17,21201.2,19.6,2.48,2.8
17,22145.44,19.6,2.64,2.8
24,26905.58,15.1,3.1,2.81
24,27166.68,15.5,2.88,2.81
24,26666.95,15.3,2.41,2.81
16,23971.97,9.1,3.13,2.81
2,1217.84,16.1,2.63,2.81
16,24071.82,9.0,2.49,2.81
24,28313.58,16.0,2.93,2.81
15,21678.57,14.0,3.11,2.81
16,21769.85,8.8,3.38,2.81
23,22384.54,11.7,2.51,2.81
24,26655.81,15.3,2.85,2.81
24,26663.16,15.3,2.69,2.81
23,21061.41,27.3,2.61,2.82
20,21579.63,13.8,2.91,2.82
24,31427.78,26.0,2.23,2.82
15,22497.38,13.5,2.87,2.82
23,23020.25,26.9,2.96,2.82
23,24131.96,26.8,2.97,2.82
6,16307.12,6.1,3.19,2.82
23,24758.16,17.7,2.49,2.82
17,23588.12,14.2,3.24,2.82
22,26213.19,17.4,2.88,2.82
14,21938.04,5.0,2.71,2.82
23,26999.02,13.5,3.14,2.83
17,20920.28,13.7,2.79,2.83
21,22351.14,9.4,2.89,2.83
18,24117.2,13.5,2.51,2.83
23,26241.62,16.2,3.22,2.83
23,27024.41,13.5,3.15,2.83
18,22090.82,13.4,2.92,2.83
24,27461.03,21.9,2.89,2.83
16,23336.24,13.8,3.56,2.83
19,21501.13,13.2,2.55,2.83
20,25829.66,14.1,2.51,2.84
19,26183.22,18.4,2.92,2.84
24,26429.91,20.1,3.4,2.84
19,25412.72,18.9,2.56,2.84
18,22706.55,16.9,2.99,2.84
18,24038.38,18.3,3.06,2.84
23,25535.11,19.6,3.15,2.84
20,25875.7,14.1,2.49,2.84
19,26256.9,18.4,2.91,2.84
6,20663.35,25.3,2.84,2.84
17,24083.4,16.7,2.64,2.84
15,26501.64,5.0,2.75,2.84
18,21359.85,16.6,2.02,2.84
19,23101.23,19.9,1.99,2.84
24,28361.89,20.5,2.79,2.84
21,25539.46,13.8,2.99,2.84
23,24967.07,19.5,2.66,2.84
24,27634.27,20.6,2.97,2.84
21,25413.25,17.2,3.15,2.84
18,22934.54,18.2,3.07,2.84
19,25416.28,18.9,2.88,2.84
15,23620.29,16.1,2.87,2.84
3,7773.93,17.6,2.18,2.84
5,16671.94,17.2,3.27,2.84
19,26150.32,14.8,2.76,2.84
21,24649.79,16.9,2.61,2.84
23,26790.03,10.1,2.52,2.84
17,21070.57,9.4,3.11,2.84
15,21773.68,17.8,2.84,2.84
15,22680.27,16.2,2.64,2.84
19,24293.91,17.1,2.85,2.85
19,25840.44,16.7,2.73,2.85
19,23349.43,9.7,3.62,2.85
19,24333.94,17.1,2.82,2.85
24,31682.02,14.9,2.64,2.85
20,26181.22,13.4,4.02,2.85
13,22835.59,5.4,3.11,2.85
18,21687.19,15.5,2.83,2.85
17,28001.3,4.3,2.66,2.85
13,21600.0,5.9,2.24,2.85
24,27347.35,23.0,2.68,2.85
19,21600.0,12.5,3.01,2.85
19,24672.22,17.6,2.84,2.85
24,28234.9,23.1,3.01,2.85
24,27413.5,23.0,2.64,2.85
19,21600.0,12.5,3.0,2.85
19,24605.3,17.6,2.82,2.85
17,23256.15,16.0,3.76,2.85
17,23066.01,18.2,3.71,2.85
19,22013.44,12.6,2.58,2.85
15,25200.0,14.2,2.93,2.85
24,27977.56,23.4,2.84,2.85
17,28032.7,4.3,2.8,2.85
17,28037.94,4.3,2.77,2.85
13,21523.13,5.2,2.62,2.85
13,22538.88,6.0,3.17,2.85
13,22232.78,6.0,2.95,2.85
19,25235.05,16.5,2.75,2.86
16,23673.4,15.5,3.19,2.86
19,27640.65,14.3,3.03,2.86
16,24053.38,15.6,3.3,2.86
19,25317.76,16.5,2.7,2.86
13,25298.11,5.1,2.66,2.86
16,22255.14,16.1,2.64,2.86
12,21405.49,4.7,2.79,2.86
16,27166.18,5.9,3.06,2.86
12,22712.9,5.9,2.51,2.86
23,26098.29,24.2,3.13,2.86
12,23428.23,6.2,2.88,2.86
6,17165.21,17.3,2.26,2.86
13,25829.68,4.6,3.07,2.86
13,25537.98,4.9,3.36,2.86
12,22300.25,5.2,3.06,2.86
13,24249.49,5.4,2.26,2.86
19,27559.65,14.4,3.02,2.86
5,16128.37,21.2,2.61,2.86
12,22319.39,4.7,3.24,2.86
12,21372.16,4.7,2.94,2.86
12,21375.65,4.7,2.91,2.86
13,25225.12,6.4,2.69,2.86
18,23025.74,14.7,2.78,2.87
19,25662.17,19.6,2.94,2.87
19,26219.96,6.5,2.96,2.87
15,26413.11,8.4,2.71,2.87
23,25370.33,22.9,3.02,2.87
18,23281.17,14.8,2.87,2.87
23,25454.04,22.9,2.97,2.87
6,18456.1,15.6,3.22,2.87
6,17749.91,20.9,2.91,2.87
22,25657.23,14.8,3.15,2.87
17,23807.29,14.8,2.62,2.87
16,23275.58,14.8,2.56,2.88
15,22406.02,20.0,3.42,2.88
15,24940.79,16.8,2.55,2.88
23,27393.87,16.3,2.55,2.88
16,23309.63,14.8,2.6,2.88
15,24747.1,18.3,2.16,2.88
23,24494.04,26.7,2.23,2.88
22,20861.91,21.4,2.72,2.88
20,24820.99,16.7,2.99,2.88
22,20933.91,21.4,2.68,2.88
20,24764.92,16.7,2.97,2.88
5,18375.05,25.0,3.46,2.88
15,25986.43,17.1,3.61,2.88
22,24665.03,15.1,2.49,2.88
15,26283.55,17.0,3.29,2.88
15,25429.29,17.4,2.69,2.88
22,24879.06,15.5,2.7,2.88
16,26620.41,7.9,3.26,2.88
21,25151.76,9.2,2.39,2.88
21,21600.0,13.2,2.52,2.88
24,30465.07,24.1,2.68,2.89
18,25882.59,18.4,3.18,2.89
21,23337.8,21.1,3.7,2.89
15,25056.62,15.3,3.17,2.89
15,26155.79,15.3,3.84,2.89
17,22708.21,20.5,2.21,2.89
18,23116.24,20.1,2.96,2.89
18,23068.34,20.1,2.85,2.89
5,19623.25,22.7,2.91,2.89
17,24152.57,7.3,3.44,2.89
20,25368.79,17.9,2.46,2.89
18,24440.0,9.2,2.88,2.89
23,25496.56,13.3,2.88,2.89
23,27724.75,17.8,2.97,2.89
17,25022.27,18.8,2.92,2.89
15,24654.17,15.1,2.91,2.89
20,24628.27,19.7,2.93,2.89
17,25884.0,18.6,3.33,2.89
24,31025.83,18.5,2.93,2.9
24,30516.79,18.7,2.56,2.9
17,26286.29,16.6,3.17,2.9
20,24857.99,14.5,3.0,2.9
20,25767.06,14.9,2.86,2.9
23,27195.56,19.1,3.02,2.9
11,23299.18,4.2,3.28,2.9
17,24943.5,17.3,3.17,2.9
21,25437.79,15.4,3.29,2.9
15,23923.48,12.8,2.99,2.9
23,25137.61,25.5,3.11,2.9
17,24939.92,17.3,3.13,2.9
21,25391.41,15.4,3.24,2.9
6,18110.86,18.1,3.13,2.9
15,23832.95,9.7,2.88,2.9
11,23439.02,6.2,2.96,2.9
16,24303.34,18.6,2.46,2.9
16,23965.42,20.3,3.37,2.9
15,21863.83,9.7,3.04,2.9
15,22144.48,10.0,3.5,2.9
17,26281.3,14.5,2.78,2.9
11,21600.0,5.8,2.86,2.9
16,22802.98,12.8,2.79,2.91
18,25200.0,15.2,2.79,2.91
20,22472.93,12.2,3.06,2.91
22,26945.21,16.3,2.76,2.91
16,24049.86,12.3,2.73,2.91
16,22855.03,12.8,2.78,2.91
18,25200.0,15.2,2.78,2.91
20,26166.65,15.6,3.03,2.91
22,25615.87,22.4,2.76,2.91
18,21527.49,10.2,3.06,2.91
18,25330.39,15.3,3.15,2.91
17,21721.25,13.3,2.65,2.91
17,23187.83,12.7,3.32,2.91
17,23528.7,9.6,3.13,2.91
23,30371.38,14.9,2.82,2.91
16,25128.27,15.5,2.96,2.92
22,23086.73,28.0,2.78,2.92
16,25436.15,15.3,2.91,2.92
19,27535.53,14.6,3.03,2.92
15,21511.38,12.0,3.19,2.92
24,31383.89,19.7,3.22,2.92
24,30472.65,19.7,2.76,2.92
16,25179.75,15.5,2.96,2.92
22,27526.29,17.6,3.33,2.92
10,23605.7,5.2,2.65,2.92
10,24038.41,5.2,2.67,2.92
22,21234.54,28.4,2.94,2.92
16,27535.41,13.7,3.78,2.92
10,23405.61,6.2,3.38,2.92
16,26985.55,13.8,2.91,2.92
15,28063.1,13.6,2.93,2.92
20,21870.96,10.7,2.51,2.92
16,25584.86,16.0,3.0,2.92
17,21600.0,21.4,2.85,2.92
10,23555.75,5.2,2.81,2.92
12,25278.75,6.4,3.2,2.92
10,23560.54,5.2,2.76,2.92
10,21942.32,5.4,3.04,2.92
17,21286.31,11.4,2.48,2.93
14,23822.41,7.2,2.46,2.93
23,27940.96,15.3,3.12,2.93
22,24287.46,12.6,2.81,2.93
17,22641.97,11.5,3.73,2.93
14,23849.73,7.2,2.63,2.93
14,23853.88,7.2,2.59,2.93
19,27175.46,16.5,2.52,2.94
16,21076.01,11.7,2.93,2.94
19,27254.62,16.5,2.56,2.94
15,27374.2,16.5,3.02,2.94
16,25536.15,22.0,4.07,2.94
15,26392.48,16.3,2.55,2.94
11,21722.31,7.2,2.63,2.94
11,26084.79,4.7,2.84,2.94
18,24609.78,21.1,2.16,2.94
18,25763.36,20.9,2.88,2.94
20,21194.04,24.0,2.77,2.94
23,26564.5,24.6,2.57,2.94
20,25764.76,20.7,3.7,2.94
18,25814.77,20.9,2.8,2.94
16,25200.0,21.3,3.47,2.94
11,23405.65,6.8,2.68,2.94
20,22013.15,11.8,2.86,2.94
19,27490.54,18.9,2.69,2.94
19,28333.65,16.1,3.23,2.94
15,26525.93,16.4,3.23,2.94
11,25890.44,5.9,2.67,2.94
19,26915.73,18.9,3.3,2.94
11,21429.19,7.2,2.82,2.94
20,27274.68,16.5,3.12,2.95
24,28611.75,16.9,3.04,2.95
16,23045.79,25.3,3.13,2.95
19,27975.44,18.2,3.03,2.95
20,27313.49,16.5,3.06,2.95
23,27586.53,21.3,3.48,2.95
24,29782.36,18.4,2.72,2.95
19,26595.67,17.3,3.39,2.95
23,26408.15,21.0,2.99,2.95
23,28086.34,21.5,3.52,2.95
17,25254.07,22.3,3.58,2.95
22,26626.81,14.8,3.67,2.95
1,3403.83,16.2,3.22,2.95
15,28109.05,16.8,3.92,2.95
15,27051.64,17.7,3.32,2.95
0,12662.67,13.4,2.99,2.95
22,28230.76,15.5,3.5,2.96
22,22555.68,25.3,3.17,2.96
17,24758.87,13.2,2.81,2.96
20,27604.12,14.8,2.52,2.96
22,26530.12,15.5,2.78,2.96
19,31020.55,14.3,3.51,2.96
10,24757.51,4.6,2.73,2.96
18,22025.1,27.8,2.6,2.96
15,27794.76,14.6,3.62,2.96
12,22706.57,7.1,2.66,2.96
2,9430.27,17.8,3.06,2.96
2,11434.2,18.1,3.33,2.96
6,20393.52,23.5,2.61,2.96
12,22693.22,7.3,3.04,2.96
16,27557.63,9.2,3.12,2.96
20,26559.59,14.6,3.0,2.96
19,28559.21,14.2,2.55,2.96
22,27260.84,15.0,2.6,2.96
16,27198.45,9.0,3.13,2.96
15,24734.77,13.3,2.67,2.96
15,24213.46,12.7,2.95,2.96
17,25159.26,12.6,2.87,2.96
10,24737.46,4.6,2.87,2.96
10,24741.92,4.6,2.85,2.96
10,23499.04,6.5,2.66,2.96
22,28252.49,19.4,3.19,2.97
21,31272.99,18.9,3.4,2.97
19,27045.45,19.1,3.4,2.97
23,30749.74,19.0,3.49,2.97
23,30423.7,18.4,2.79,2.97
22,26751.79,19.4,3.1,2.97
15,28305.97,20.6,2.81,2.97
19,26694.09,19.2,2.8,2.97
22,25230.84,24.7,2.81,2.97
16,26476.15,14.5,2.72,2.97
20,26489.15,18.1,3.04,2.97
16,28355.38,18.7,3.36,2.97
15,26492.88,19.9,3.29,2.97
15,27401.56,20.4,2.82,2.97
16,26875.47,18.6,2.89,2.97
24,28284.66,29.9,3.41,2.97
22,31358.84,17.7,2.55,2.97
16,27143.54,14.6,2.67,2.97
23,29855.27,8.1,2.53,2.97
20,28264.26,15.8,2.79,2.97
20,28192.95,19.3,3.09,2.97
20,22319.37,24.9,3.49,2.98
23,30966.91,17.1,3.41,2.98
21,23213.63,27.1,3.44,2.98
18,24488.12,26.4,2.69,2.98
24,33050.28,25.5,2.23,2.98
24,33352.3,25.3,3.24,2.98
6,16754.97,18.8,3.43,2.98
18,25903.62,10.8,2.58,2.98
24,31608.28,19.8,2.69,2.98
15,25155.53,10.6,3.51,2.98
16,28354.52,17.7,2.69,2.98
18,27374.75,14.8,3.21,2.99
17,27841.02,16.3,2.78,2.99
18,26425.12,15.6,2.99,2.99
18,26396.57,18.7,2.75,2.99
24,29063.8,20.2,2.78,2.99
20,25046.26,23.9,2.65,2.99
11,24098.69,8.1,3.4,2.99
20,25582.25,24.2,1.61,2.99
17,23800.04,24.9,2.99,2.99
18,24061.22,24.0,3.12,2.99
17,23911.73,24.9,2.95,2.99
18,21558.6,25.7,2.99,2.99
18,23739.65,24.2,3.37,2.99
3,15556.69,18.8,2.97,2.99
11,23040.88,8.3,2.64,2.99
15,25084.27,11.1,3.46,2.99
17,25902.42,10.2,2.99,2.99
18,27345.76,15.3,2.52,2.99
11,21600.0,8.1,2.92,2.99
20,29690.86,14.0,3.15,3.0
18,27201.35,19.6,2.61,3.0
18,28072.27,16.8,3.15,3.0
20,25256.77,11.5,3.59,3.0
13,23467.0,6.5,2.77,3.0
17,26668.03,17.0,3.01,3.0
17,26650.71,17.0,2.98,3.0
17,27130.39,16.8,2.89,3.0
17,23598.68,24.5,3.18,3.0
21,30510.01,13.7,2.51,3.0
24,30189.65,9.7,3.13,3.0
20,26800.17,22.3,3.03,3.01
12,23257.1,7.7,3.33,3.01
23,31235.12,15.5,3.39,3.01
10,22698.47,15.8,2.5,3.01
21,26851.85,21.6,3.12,3.01
15,21684.34,23.0,2.35,3.01
20,29343.31,13.5,2.27,3.01
9,23292.29,4.8,2.65,3.01
8,11612.68,28.6,3.04,3.01
19,30320.58,18.6,2.81,3.01
1,3206.8,20.4,2.68,3.01
9,23441.24,5.8,3.08,3.01
11,21232.78,8.7,2.53,3.01
12,23277.62,8.0,2.72,3.01
12,23919.11,8.1,3.03,3.01
10,23786.42,7.9,3.16,3.01
22,26542.55,13.2,2.5,3.01
10,21814.62,8.3,2.93,3.01
10,23259.94,8.3,3.03,3.01
24,31302.24,10.4,2.82,3.01
10,23710.54,7.7,2.99,3.01
22,28472.2,17.0,2.75,3.01
20,29409.94,13.5,2.72,3.01
10,22199.57,8.3,2.72,3.01
9,23641.5,5.7,3.15,3.01
9,22095.24,6.4,3.0,3.01
20,29421.0,13.5,2.53,3.01
23,28723.86,17.7,3.2,3.02
20,30875.98,17.5,3.77,3.02
20,31064.53,19.0,2.37,3.02
21,28102.99,21.3,2.45,3.02
19,26760.04,21.3,3.55,3.02
19,24373.06,25.9,3.21,3.02
17,25753.16,24.5,3.48,3.02
20,31165.67,16.6,2.67,3.02
11,23862.26,14.2,2.89,3.02
11,24166.75,14.1,2.69,3.02
20,30173.69,19.2,2.87,3.03
24,31812.49,15.9,2.61,3.03
23,29163.47,16.4,2.67,3.03
21,32316.97,17.6,3.07,3.03
20,30272.01,19.2,2.88,3.03
21,29113.81,19.0,3.37,3.03
15,27270.05,26.4,2.55,3.03
23,19552.5,27.0,3.25,3.03
24,31721.92,15.6,3.15,3.03
15,23137.76,24.0,3.22,3.03
15,28316.5,26.4,3.48,3.03
16,27844.15,13.0,3.52,3.03
4,22804.03,9.0,2.99,3.03
23,20217.65,28.3,2.93,3.03
16,27441.62,12.9,2.52,3.03
20,30189.58,16.1,2.62,3.03
21,31834.62,17.2,2.83,3.03
22,27049.88,10.0,3.2,3.03
21,32209.06,17.0,2.91,3.03
20,30495.65,19.6,3.47,3.03
16,27053.9,9.7,3.18,3.03
18,27240.97,21.2,2.83,3.04
14,25529.65,7.7,2.63,3.04
23,30523.36,15.1,2.89,3.04
22,31466.7,15.5,3.24,3.04
11,25310.11,6.9,2.86,3.04
1,2601.61,18.0,3.15,3.04
19,29749.29,17.9,3.26,3.04
11,22063.36,16.1,3.37,3.04
1,16354.25,9.6,2.99,3.04
14,23696.01,14.4,3.11,3.04
11,21600.0,13.4,3.12,3.04
11,25224.54,7.0,2.82,3.04
11,26168.79,7.6,2.74,3.04
11,26273.3,7.6,2.97,3.04
11,24657.83,6.5,2.72,3.04
14,24497.03,8.6,3.02,3.04
14,24707.96,7.9,2.98,3.04
18,27638.68,13.2,2.64,3.05
23,28797.4,19.6,2.68,3.05
13,23612.88,8.6,3.15,3.05
9,23163.78,7.6,3.16,3.05
19,28537.08,16.1,2.64,3.05
13,23795.61,7.7,3.22,3.05
14,21930.73,13.4,3.22,3.05
22,26777.97,23.6,2.86,3.05
12,21638.81,16.8,2.32,3.05
12,21567.26,13.9,2.4,3.05
20,26376.45,22.9,2.29,3.05
17,26979.37,13.2,3.45,3.05
24,30099.08,23.6,3.81,3.05
22,27023.58,23.3,3.12,3.05
18,28004.9,10.0,2.86,3.05
12,24088.14,16.3,3.01,3.05
18,27689.38,12.8,3.34,3.05
9,23357.64,7.2,3.17,3.05
9,21891.45,6.6,3.19,3.05
24,29681.9,21.0,2.47,3.05
21,26970.63,10.8,3.12,3.05
17,27135.92,12.8,3.56,3.05
12,23042.97,16.9,2.57,3.05
13,22163.41,7.9,2.84,3.05
12,24073.81,16.4,3.48,3.05
20,29531.58,17.3,3.05,3.06
24,33125.66,17.1,3.16,3.06
19,31750.34,16.1,2.94,3.06
24,32723.51,16.6,3.05,3.06
24,33072.72,16.6,3.33,3.06
24,33631.51,18.0,3.28,3.06
19,29827.21,18.9,3.37,3.06
20,29169.68,17.8,2.88,3.06
24,33505.43,20.0,2.74,3.06
9,24706.5,4.8,2.8,3.06
13,26632.56,5.9,3.02,3.06
10,24845.44,6.8,2.95,3.06
13,27281.66,5.2,2.67,3.06
13,27437.83,6.0,3.08,3.06
24,29572.54,23.6,2.92,3.06
24,33446.4,17.7,2.99,3.06
24,29666.74,23.6,2.86,3.06
16,5157.39,36.2,3.31,3.06
1,13399.06,16.6,3.46,3.06
12,23379.88,19.5,3.42,3.06
10,26189.2,6.6,3.34,3.06
19,29149.05,18.9,2.58,3.06
13,25367.45,6.6,3.34,3.06
14,21946.99,18.4,2.77,3.06
11,22482.63,15.6,3.13,3.06
13,27447.9,5.2,2.76,3.06
13,25268.1,6.6,2.73,3.06
13,25540.48,7.0,3.27,3.06
13,25200.0,7.3,3.11,3.06
11,21979.08,15.9,3.55,3.06
9,24688.39,4.8,2.94,3.06
9,26328.15,4.7,3.15,3.06
13,26611.37,5.9,3.16,3.06
1,13583.73,16.6,3.09,3.06
9,24695.12,4.8,2.91,3.06
9,26333.81,4.7,3.13,3.06
13,26620.75,5.9,3.14,3.06
12,25608.53,7.2,3.57,3.06
23,32448.72,18.1,2.73,3.07
21,33140.82,18.4,2.98,3.07
14,24166.49,16.3,2.62,3.07
20,32400.0,17.1,3.24,3.07
16,26489.64,11.5,3.11,3.07
23,29305.66,26.0,3.19,3.07
14,23848.0,17.3,3.18,3.07
1,15064.29,14.7,3.68,3.07
3,15916.85,9.1,2.43,3.07
3,17740.56,8.2,2.84,3.07
19,32507.92,15.2,2.97,3.07
10,21224.55,19.2,2.39,3.07
14,21642.35,17.4,2.63,3.07
21,27187.1,23.8,2.96,3.07
21,27768.54,24.5,3.45,3.07
21,26783.05,12.1,2.96,3.07
22,27210.73,11.9,3.11,3.07
8,23314.52,7.6,3.11,3.07
21,31991.05,19.1,3.21,3.07
8,21907.91,7.4,2.66,3.07
17,27557.8,10.7,3.26,3.08
20,29266.05,15.0,3.76,3.08
19,31986.11,19.9,2.86,3.08
17,27568.37,10.7,3.25,3.08
13,21826.18,9.2,2.66,3.08
8,21596.3,19.6,2.3,3.08
12,23248.26,16.0,3.34,3.08
12,21975.91,15.4,3.76,3.08
23,31939.49,14.0,3.25,3.08
21,33268.52,17.1,3.26,3.09
21,33223.65,16.1,2.64,3.09
7,24194.84,5.4,3.1,3.09
23,32457.3,19.9,2.58,3.09
21,32117.47,15.5,3.3,3.09
10,23384.99,19.0,3.32,3.09
11,22145.03,13.2,3.05,3.09
11,22477.59,12.4,3.18,3.09
13,21382.62,18.8,3.2,3.09
17,27995.13,22.7,3.24,3.09
10,27142.03,6.2,3.23,3.09
11,22673.54,12.2,3.3,3.09
24,32735.58,15.2,3.27,3.09
24,33041.11,12.1,2.96,3.09
12,23693.66,17.9,2.68,3.09
21,33215.97,16.1,3.22,3.09
7,24117.2,5.4,3.3,3.09
21,33217.81,16.1,2.92,3.09
7,24121.81,5.4,3.26,3.09
19,28927.14,20.6,3.34,3.1
13,21161.39,17.7,2.89,3.1
19,32779.27,18.9,2.96,3.1
19,28988.56,20.6,3.36,3.1
11,27415.82,6.1,3.3,3.1
11,24638.52,8.1,3.14,3.1
11,25307.91,8.2,3.17,3.1
14,25581.16,9.1,2.58,3.1
11,27695.56,5.2,3.02,3.1
10,23045.02,17.9,3.13,3.1
10,22209.31,17.8,3.34,3.1
18,26860.47,24.1,3.23,3.1
2,14569.58,19.5,3.5,3.1
14,25200.0,8.8,3.01,3.1
11,24711.91,8.1,3.28,3.1
16,27422.71,29.2,4.09,3.11
23,30581.19,22.3,3.83,3.11
23,30808.23,22.4,3.4,3.11
23,30985.5,22.5,2.99,3.11
12,24049.15,13.0,3.33,3.11
10,26054.37,18.6,2.62,3.11
14,28104.44,7.5,3.7,3.11
23,32096.12,25.6,2.1,3.11
22,30610.46,25.6,4.01,3.11
23,31511.54,25.0,3.27,3.11
13,21072.6,16.5,2.69,3.11
13,23618.53,13.5,2.97,3.11
17,28711.84,14.4,3.54,3.11
22,29974.23,25.8,2.83,3.11
13,24624.82,7.9,2.72,3.11
6,21680.55,6.9,3.18,3.11
24,31540.33,20.9,3.44,3.11
9,23589.85,9.2,2.74,3.11
19,33183.36,18.3,2.92,3.12
18,31468.74,13.9,3.01,3.12
14,26119.4,14.1,2.84,3.12
11,21462.17,11.0,3.09,3.12
17,28672.87,13.5,3.18,3.12
19,33203.27,18.3,2.93,3.12
24,35029.77,16.5,3.01,3.12
24,33903.77,20.6,3.03,3.12
10,25200.0,7.8,3.35,3.12
10,25104.7,17.7,2.45,3.12
10,28021.62,6.6,3.51,3.12
17,29358.62,13.9,2.5,3.12
10,27467.04,7.6,2.87,3.12
23,29066.64,23.7,3.33,3.12
22,17628.32,28.8,3.01,3.12
11,21646.13,10.4,3.16,3.12
24,34704.71,16.3,3.14,3.12
23,28736.64,24.0,3.02,3.12
14,22087.72,10.7,3.47,3.12
14,24036.59,10.5,2.89,3.12
10,24601.66,8.0,3.12,3.12
14,21688.89,10.3,2.63,3.12
24,36331.73,14.8,3.2,3.12
11,24169.42,11.2,2.92,3.12
10,24806.19,17.4,2.86,3.12
17,29349.02,13.9,2.92,3.12
17,29350.15,13.9,2.76,3.12
6,22851.54,6.2,2.83,3.12
14,24271.94,18.5,2.93,3.13
12,21784.16,11.3,2.78,3.13
7,25860.28,6.1,2.92,3.13
11,25528.62,14.3,3.02,3.13
21,16841.52,27.9,3.27,3.13
11,25488.98,14.3,3.0,3.13
11,26073.49,18.5,3.24,3.13
4,26348.05,8.0,2.93,3.13
13,21600.0,15.7,2.88,3.13
11,24338.14,18.8,3.25,3.13
12,21848.33,9.7,2.62,3.13
10,22166.19,12.7,2.96,3.13
8,22273.61,8.4,3.1,3.13
13,23498.37,15.5,3.58,3.13
8,22172.94,8.2,3.1,3.13
8,21600.0,9.3,2.86,3.13
20,33123.28,17.6,3.21,3.14
20,28573.16,25.5,3.7,3.14
23,33534.91,14.3,2.62,3.14
23,33220.18,17.2,3.26,3.14
20,33188.79,17.6,3.21,3.14
22,31661.85,19.5,2.94,3.14
11,24656.92,9.1,2.7,3.14
11,25522.15,19.3,3.02,3.14
23,27397.63,29.8,2.99,3.14
7,21600.0,9.2,2.79,3.14
11,26784.3,6.8,3.15,3.14
12,22314.5,12.1,3.18,3.14
11,24234.23,19.4,2.65,3.14
11,28124.26,6.5,3.06,3.14
7,22895.09,8.8,2.77,3.14
19,31493.12,22.2,3.42,3.15
22,31751.23,20.5,3.44,3.15
23,33366.55,25.5,3.43,3.15
12,25150.99,18.4,2.86,3.15
24,35624.44,18.7,2.39,3.15
12,25919.95,14.4,2.46,3.15
20,31715.15,25.9,2.92,3.15
20,31700.08,25.9,2.86,3.15
19,15521.64,43.8,2.84,3.15
13,21805.44,14.5,3.2,3.15
9,22637.9,13.7,3.51,3.15
14,25200.0,16.3,3.59,3.15
10,21194.64,12.0,3.09,3.15
13,22553.43,20.5,3.04,3.15
13,28330.22,6.9,2.74,3.15
12,25200.0,14.3,3.59,3.15
11,25334.17,13.8,2.82,3.15
13,23227.57,20.2,2.93,3.15
4,26067.33,7.2,3.48,3.15
13,22141.43,14.5,3.0,3.15
20,32827.57,14.1,2.91,3.15
22,33113.86,16.8,3.25,3.15
14,25279.99,16.0,2.86,3.15
11,25200.0,13.4,3.19,3.15
13,23982.15,14.5,3.17,3.15
14,27208.45,8.4,2.97,3.15
18,30990.57,18.3,3.11,3.16
18,31020.05,17.8,3.19,3.16
18,31396.54,18.6,3.09,3.16
18,31141.04,18.7,3.73,3.16
17,31455.86,18.4,3.39,3.16
18,31005.77,18.3,3.05,3.16
12,24795.61,20.4,2.83,3.16
20,28635.01,21.7,3.04,3.16
21,29736.68,21.6,3.05,3.16
18,16912.12,28.9,3.21,3.16
20,28691.34,21.7,3.01,3.16
17,30450.04,17.0,3.47,3.16
10,26292.51,21.3,2.68,3.16
12,25363.18,8.8,3.28,3.16
12,25824.72,13.5,2.98,3.16
9,24657.97,7.4,3.16,3.16
12,26684.44,6.5,3.55,3.16
10,24496.91,20.9,3.23,3.16
12,26417.11,6.6,3.26,3.16
9,25359.59,7.4,3.47,3.16
5,22349.21,6.9,3.06,3.16
0,25062.1,7.4,3.12,3.16
9,25468.18,7.2,3.59,3.16
12,26462.65,7.4,2.73,3.16
14,28688.55,13.6,3.09,3.17
22,31445.31,22.9,2.96,3.17
10,26019.08,15.3,2.48,3.17
24,35288.93,19.7,2.94,3.17
7,28051.5,5.3,2.91,3.17
9,26375.54,4.7,3.01,3.17
9,27384.8,5.4,2.79,3.17
20,31283.36,20.9,3.41,3.17
18,30625.85,15.3,3.5,3.17
10,26052.63,15.3,3.18,3.17
14,26041.71,14.5,2.97,3.17
9,24121.57,19.8,2.94,3.17
6,21447.31,8.6,3.17,3.17
15,19714.98,27.5,3.02,3.17
13,24282.12,19.0,2.82,3.17
9,26442.77,5.8,3.52,3.17
13,26139.0,14.0,2.98,3.17
13,25200.0,9.3,3.29,3.17
6,22842.16,8.9,2.51,3.17
13,23939.5,9.8,3.21,3.18
16,28800.0,14.2,3.08,3.18
11,27251.05,14.0,3.16,3.18
24,36595.72,16.8,2.94,3.18
13,23936.32,9.8,3.15,3.18
16,29473.79,14.2,2.59,3.18
16,30364.6,14.3,2.49,3.18
15,30199.8,13.9,3.03,3.18
22,29208.29,23.4,3.12,3.18
11,26735.64,8.0,2.89,3.18
11,27832.99,8.0,3.0,3.18
23,31787.57,22.6,3.48,3.18
13,25200.0,16.9,3.49,3.18
10,26150.84,13.9,3.61,3.18
13,21581.44,9.7,3.34,3.18
8,25463.6,6.9,3.19,3.18
11,28182.0,14.4,3.1,3.18
13,25200.0,13.4,2.76,3.18
8,24995.73,7.3,2.89,3.18
23,31581.66,4.9,3.0,3.18
8,24390.84,6.7,3.01,3.18
8,25209.7,6.9,3.26,3.18
13,25378.24,13.8,3.11,3.18
21,28532.15,23.5,3.23,3.18
11,26775.86,8.0,3.14,3.18
5,23520.39,5.9,2.89,3.18
11,28291.08,7.8,3.16,3.18
8,24808.96,7.0,3.15,3.18
11,26780.71,8.0,3.08,3.18
24,34400.86,22.1,3.34,3.18
19,34314.11,14.0,2.69,3.19
21,30218.67,23.8,3.61,3.19
24,34813.01,21.0,3.02,3.19
21,32025.28,22.5,3.49,3.19
19,34064.11,14.3,3.53,3.19
23,34181.89,16.6,3.2,3.19
9,22113.96,14.8,2.92,3.19
13,24354.13,16.5,3.5,3.19
19,34323.26,14.0,2.65,3.19
22,30803.74,24.0,3.02,3.19
9,24116.26,12.4,3.27,3.19
21,30653.08,24.3,3.96,3.19
24,35110.79,17.5,3.44,3.19
12,24650.03,15.5,2.79,3.19
9,22155.62,14.5,3.38,3.19
24,40065.38,20.1,2.64,3.19
7,24300.24,7.6,2.68,3.19
16,29377.88,13.5,2.77,3.19
17,29483.47,17.6,3.49,3.19
9,22785.8,16.3,3.43,3.19
11,21995.54,21.1,3.25,3.19
7,21198.32,16.6,2.85,3.19
9,21623.11,12.4,3.3,3.19
6,22065.6,14.3,3.3,3.19
7,26090.64,7.3,2.94,3.19
3,22888.58,6.6,2.92,3.19
3,21410.31,7.6,3.5,3.19
7,26147.49,6.9,3.14,3.19
18,28937.85,15.8,3.22,3.2
20,29455.98,24.4,3.41,3.2
22,32669.25,19.5,3.11,3.2
18,28964.61,15.8,3.18,3.2
24,34143.77,23.4,3.03,3.2
22,23711.32,32.8,3.79,3.2
12,28143.25,8.4,3.1,3.2
6,28014.12,5.0,3.04,3.2
19,32070.96,21.4,2.91,3.2
14,25732.51,9.7,3.01,3.2
14,24803.52,9.9,2.89,3.2
10,27327.01,15.2,3.47,3.2
10,26583.8,17.1,3.23,3.2
10,28016.64,17.9,3.14,3.2
21,31639.17,5.4,2.93,3.2
20,32400.0,21.2,3.66,3.2
20,32400.0,21.2,3.6,3.2
24,26588.73,33.1,3.29,3.2
10,26967.51,15.0,3.27,3.2
10,27786.11,18.1,3.67,3.2
10,27648.84,16.7,3.3,3.2
11,26738.36,19.3,3.68,3.2
7,21600.0,14.0,3.37,3.2
6,20841.85,13.8,3.18,3.2
7,22108.79,14.1,3.44,3.2
11,27532.1,18.9,3.42,3.2
11,27556.46,19.1,3.23,3.2
11,27926.57,19.2,3.07,3.2
20,28968.62,23.9,3.28,3.2
10,24426.54,27.0,3.36,3.2
10,27970.66,17.7,3.32,3.2
9,21600.0,9.7,3.14,3.2
6,26997.26,6.1,3.45,3.2
7,22551.43,14.1,3.41,3.2
14,25200.0,10.0,3.81,3.2
19,33826.52,13.7,3.4,3.2
10,28058.69,19.3,3.63,3.2
21,31617.45,5.4,3.09,3.2
6,27552.48,6.0,3.77,3.2
21,31626.6,5.4,3.05,3.2
10,25232.38,8.7,3.15,3.2
9,28377.26,7.3,3.09,3.2
14,26409.25,14.2,3.24,3.2
20,33992.3,18.4,2.87,3.21
18,29809.64,19.4,3.29,3.21
14,31094.0,14.9,3.45,3.21
17,29136.63,18.6,3.56,3.21
8,26579.41,7.3,3.45,3.21
8,21583.39,12.7,2.23,3.21
11,28198.43,17.6,3.06,3.21
5,21045.19,7.7,3.65,3.21
22,31724.31,24.9,3.78,3.21
18,28666.63,18.9,3.42,3.21
18,14713.65,43.4,3.4,3.21
14,31104.48,17.1,3.38,3.21
7,21600.0,13.5,3.55,3.21
13,27846.28,14.3,3.66,3.21
7,23824.25,16.0,2.95,3.21
9,25944.5,7.9,3.5,3.21
8,23061.56,13.3,2.89,3.21
7,22548.79,13.5,3.62,3.21
12,27917.44,18.4,2.61,3.21
11,24417.18,21.5,2.49,3.21
12,25779.41,14.5,2.87,3.21
5,24114.86,8.4,3.86,3.21
8,23347.03,12.5,2.81,3.21
8,27549.5,7.5,3.58,3.21
9,24979.58,8.6,3.26,3.21
9,21606.13,11.4,2.93,3.21
11,27912.33,18.0,2.65,3.21
9,20930.7,10.2,2.77,3.21
14,30899.97,16.8,2.72,3.21
7,23754.87,16.0,3.31,3.21
9,25362.85,8.4,3.06,3.21
5,22028.51,7.8,3.09,3.21
19,33849.21,19.5,3.1,3.22
19,32765.16,22.2,3.74,3.22
13,22191.84,21.0,3.09,3.22
21,33616.75,22.3,4.0,3.22
19,33895.53,19.5,3.09,3.22
14,26830.02,13.5,3.4,3.22
14,28394.35,17.9,3.6,3.22
20,23880.62,32.2,3.53,3.22
8,27989.13,6.3,3.16,3.22
12,27156.8,16.7,2.85,3.22
8,26419.15,6.4,2.77,3.22
20,23347.91,32.1,2.87,3.22
17,29277.19,19.1,3.63,3.22
20,23265.31,32.1,2.74,3.22
14,24388.29,12.2,3.09,3.22
9,23735.09,17.7,4.01,3.22
20,23869.67,32.0,3.27,3.22
21,23394.26,32.2,3.11,3.22
13,21466.55,21.1,3.45,3.22
10,24287.44,14.9,3.61,3.22
11,27209.49,15.3,3.79,3.22
8,23339.34,9.5,3.12,3.22
10,24295.31,14.7,3.4,3.22
14,25503.46,12.9,3.76,3.22
10,24605.39,14.7,3.46,3.22
15,30099.47,16.8,3.23,3.22
19,31160.79,7.5,3.7,3.22
15,14163.58,32.9,3.42,3.22
8,27409.21,5.4,3.42,3.22
8,27645.07,6.0,3.89,3.22
24,37355.92,7.7,3.13,3.22
19,28966.5,8.6,3.47,3.22
24,36203.64,13.0,3.34,3.22
12,26846.63,16.7,2.9,3.22
9,23998.64,18.3,3.26,3.22
21,34928.61,14.3,3.31,3.22
19,34605.25,19.7,2.99,3.22
21,33214.95,22.5,3.32,3.22
11,24466.3,13.1,3.7,3.22
14,25031.06,12.9,2.89,3.22
15,29957.56,14.6,2.92,3.23
20,35008.96,17.7,3.25,3.23
15,30030.41,14.6,2.93,3.23
20,35061.2,17.7,3.28,3.23
13,25589.26,14.6,3.56,3.23
23,32791.46,23.5,3.96,3.23
14,29578.22,16.0,3.67,3.23
20,33255.53,20.8,3.08,3.23
9,24745.54,9.4,2.81,3.23
14,29903.73,15.0,2.62,3.23
8,23071.27,11.4,3.34,3.23
13,27452.37,18.4,3.75,3.23
15,29145.36,17.6,2.59,3.23
16,30779.23,18.3,2.17,3.23
23,33327.12,23.4,2.88,3.23
12,27130.55,20.2,3.53,3.23
10,26531.43,16.4,3.59,3.23
8,23992.81,11.2,3.09,3.23
23,33372.08,23.4,2.85,3.23
16,30582.13,17.9,3.86,3.23
14,25229.58,10.6,3.47,3.23
10,27179.74,16.3,3.67,3.23
7,21103.96,17.5,3.57,3.23
9,25200.0,8.9,3.31,3.23
8,25659.71,8.6,3.14,3.23
7,23840.15,17.2,2.88,3.23
21,25650.07,30.9,3.36,3.23
8,24901.2,8.5,3.37,3.23
19,34621.12,15.0,3.66,3.23
14,27956.71,9.4,3.48,3.23
14,24650.33,10.5,2.73,3.23
15,28653.52,17.3,3.17,3.23
12,27377.14,20.5,3.47,3.23
15,29132.0,17.6,3.6,3.23
15,29143.12,17.6,3.12,3.23
20,34243.74,20.1,3.05,3.24
24,36487.7,12.6,3.64,3.24
20,34264.75,20.1,3.05,3.24
6,21878.04,10.3,3.24,3.24
6,23448.81,12.2,3.17,3.24
14,27757.48,19.1,4.07,3.24
0,19805.71,10.8,3.07,3.24
8,22134.65,11.7,2.72,3.24
14,28036.23,18.4,3.51,3.24
6,23995.43,12.7,2.8,3.24
3,26328.0,9.2,3.37,3.24
8,21600.0,11.8,3.1,3.24
21,34801.5,15.9,2.91,3.24
21,34884.96,20.0,2.79,3.24
21,36679.34,18.2,3.27,3.25
21,35126.51,16.8,3.02,3.25
14,27464.92,18.1,3.73,3.25
15,29167.28,15.1,2.91,3.25
21,35247.41,18.1,3.21,3.25
21,36680.25,18.2,3.25,3.25
21,35136.77,16.8,3.04,3.25
8,27748.43,8.0,3.74,3.25
8,27492.01,8.4,3.56,3.25
13,26975.14,15.1,2.77,3.25
9,26223.49,14.2,2.63,3.25
23,36002.82,17.9,3.93,3.25
24,27583.74,37.8,3.58,3.25
24,26992.96,35.6,3.17,3.25
6,22761.04,11.6,3.29,3.25
7,23169.06,12.2,3.31,3.25
1,9549.09,18.9,3.18,3.25
10,23910.04,23.1,3.2,3.25
8,27748.85,8.5,3.2,3.25
0,25459.4,8.7,3.94,3.25
12,25303.28,9.8,3.02,3.25
6,21682.39,9.5,2.77,3.25
19,36005.79,18.4,3.53,3.26
19,36676.46,18.4,3.17,3.26
17,33523.88,14.1,3.46,3.26
14,25082.07,10.9,3.33,3.26
7,24129.15,10.7,3.53,3.26
19,36018.61,18.4,3.42,3.26
13,25830.04,12.4,3.53,3.26
11,24846.36,11.2,2.72,3.26
10,26010.39,12.8,3.18,3.26
8,26243.91,9.2,3.07,3.26
16,30509.92,20.6,2.0,3.26
18,28800.0,20.8,3.46,3.26
24,30383.69,35.8,3.21,3.26
18,21600.0,33.2,3.48,3.26
14,25601.61,11.5,3.56,3.26
11,24837.27,10.2,3.81,3.26
14,28263.18,14.7,3.69,3.26
8,26328.86,9.3,3.72,3.26
10,26526.76,14.5,2.96,3.26
15,29815.77,19.7,3.11,3.26
9,25267.12,20.4,3.74,3.26
8,24863.68,8.7,2.97,3.26
12,27308.82,9.3,3.3,3.26
22,34381.21,13.7,3.16,3.26
11,25946.88,10.6,3.62,3.26
14,29300.19,20.1,3.62,3.26
13,26223.08,12.3,3.88,3.26
7,22453.9,9.9,2.93,3.26
12,27850.41,9.3,3.75,3.26
24,35904.41,16.0,3.78,3.26
8,24314.64,8.7,2.73,3.26
18,31992.67,19.6,2.93,3.27
19,36737.52,16.6,3.3,3.27
22,32400.0,20.9,3.59,3.27
17,22085.58,31.8,3.46,3.27
16,29837.69,16.1,3.59,3.27
19,29999.39,12.6,3.32,3.27
18,32033.03,19.6,2.96,3.27
19,36763.21,16.6,3.29,3.27
12,28800.0,5.8,3.66,3.27
12,28825.06,6.3,3.04,3.27
6,24415.96,8.6,3.2,3.27
10,28269.42,9.3,3.3,3.27
9,25120.49,18.4,2.75,3.27
12,29414.98,5.6,2.73,3.27
23,33932.87,22.3,3.11,3.27
24,27785.82,48.3,3.34,3.27
14,26290.05,11.7,3.65,3.27
4,18000.0,11.4,3.53,3.27
18,31939.79,19.2,3.6,3.27
22,34726.88,20.5,3.44,3.27
11,26957.15,21.7,3.08,3.27
16,22082.56,34.6,3.0,3.27
13,28165.91,8.9,3.98,3.27
23,20422.77,31.7,2.97,3.27
4,22842.37,12.8,2.97,3.27
5,23688.15,12.2,3.43,3.27
13,26654.43,9.0,3.06,3.27
21,37759.59,16.1,3.32,3.27
13,25200.0,9.7,3.62,3.27
10,28302.06,9.1,3.53,3.27
10,27025.38,8.7,2.82,3.27
13,26217.04,9.7,3.21,3.27
13,28026.04,8.8,3.53,3.27
18,32871.67,14.2,3.08,3.28
17,33608.89,17.0,3.18,3.28
8,26161.03,13.4,3.36,3.28
20,36224.82,18.4,3.01,3.28
18,31603.61,16.8,3.65,3.28
9,26991.99,14.3,3.81,3.28
19,36458.09,17.4,3.37,3.28
18,30118.38,23.6,3.42,3.28
19,35123.91,16.9,3.4,3.28
18,32919.6,14.2,3.13,3.28
17,33677.62,17.0,3.17,3.28
8,26170.42,13.4,3.34,3.28
20,36338.76,18.4,3.0,3.28
18,31623.85,16.8,3.73,3.28
20,37945.82,22.0,3.6,3.28
8,26078.23,13.5,3.16,3.28
12,24338.94,11.3,3.02,3.28
18,32437.34,20.2,3.17,3.28
11,27779.49,12.7,2.95,3.28
21,37795.7,21.7,2.67,3.28
21,38117.7,22.3,2.58,3.28
18,32539.45,20.1,3.32,3.28
8,25385.09,13.9,3.72,3.28
9,23252.02,25.8,3.81,3.28
16,29529.59,15.1,3.42,3.28
13,31309.56,14.3,3.53,3.28
5,23516.91,10.8,3.76,3.28
12,25200.0,11.9,3.78,3.28
13,30451.27,14.4,2.88,3.28
18,28926.84,22.7,2.62,3.28
9,23321.01,25.6,3.03,3.28
11,26644.98,13.2,3.6,3.28
11,28800.0,6.0,3.72,3.28
6,27349.41,8.5,3.21,3.28
11,30392.55,6.2,3.57,3.28
11,29076.97,5.9,3.15,3.28
11,27271.07,13.0,3.43,3.28
19,31782.33,12.0,2.54,3.28
19,36493.89,17.3,2.84,3.28
23,36571.13,15.6,3.06,3.28
20,36242.56,18.6,3.37,3.28
17,32652.91,13.7,2.73,3.28
5,21819.61,10.2,2.68,3.28
11,29466.0,5.9,3.23,3.28
9,28004.71,14.4,3.16,3.28
14,29247.4,6.9,3.26,3.28
10,28008.94,12.8,3.73,3.29
16,29166.69,19.4,3.42,3.29
6,20865.09,16.9,3.19,3.29
0,15074.89,15.5,3.47,3.29
9,26248.09,18.1,3.18,3.29
18,31865.22,15.0,4.12,3.29
7,27816.26,14.2,3.36,3.29
19,35221.82,19.7,3.16,3.29
5,23259.22,11.6,3.42,3.29
10,27122.67,13.0,2.93,3.29
8,24428.76,18.8,3.38,3.29
7,27151.41,14.2,3.7,3.29
10,27344.62,13.2,3.47,3.29
9,26320.31,15.1,2.56,3.29
6,21292.92,16.8,2.98,3.29
19,28736.56,11.5,3.17,3.29
10,25200.0,11.4,3.53,3.29
9,27119.04,13.4,2.85,3.29
17,33334.86,17.9,3.19,3.29
7,27940.79,14.3,3.73,3.29
23,36631.52,13.4,3.3,3.3
7,25448.2,16.6,2.87,3.3
13,25827.5,10.5,3.06,3.3
23,36685.23,13.4,3.3,3.3
6,26297.15,9.2,3.35,3.3
19,37558.65,23.0,2.45,3.3
8,28315.56,9.4,3.06,3.3
22,37507.36,16.4,3.92,3.3
21,36454.43,20.2,3.3,3.3
9,25329.0,15.8,3.06,3.3
7,28128.91,13.4,3.12,3.3
9,25225.08,15.7,3.45,3.3
6,25905.84,14.0,3.7,3.3
14,26437.25,9.8,3.44,3.3
7,27063.65,9.4,3.36,3.3
7,25670.57,19.7,3.91,3.3
7,28226.46,15.1,3.56,3.3
9,25477.8,15.8,3.46,3.3
24,37496.88,22.9,3.35,3.3
18,29155.48,24.6,3.18,3.3
13,26360.77,10.4,3.51,3.3
13,26117.12,11.3,3.75,3.3
5,28353.62,6.3,3.64,3.3
12,26508.98,12.6,3.38,3.3
22,36972.68,17.6,2.55,3.3
9,25215.23,14.8,4.02,3.3
19,36743.43,20.5,3.4,3.3
9,26151.21,14.5,3.72,3.3
13,26365.23,10.6,3.3,3.3
9,27780.23,9.1,3.3,3.3
19,37574.3,16.6,3.03,3.31
24,37679.67,17.5,3.45,3.31
18,33344.29,18.3,3.44,3.31
16,29320.04,20.3,4.05,3.31
19,37575.46,16.6,2.99,3.31
13,28170.71,13.2,2.91,3.31
7,28066.24,16.3,3.01,3.31
5,24907.9,6.9,2.99,3.31
14,31742.07,19.6,2.83,3.31
16,28616.92,20.6,2.69,3.31
21,36401.44,15.0,2.84,3.31
19,34731.32,22.5,3.11,3.31
19,37760.97,17.4,3.89,3.31
19,34684.25,22.5,3.05,3.31
15,29361.57,25.9,3.56,3.31
6,26868.35,13.4,3.16,3.31
2,6781.82,22.5,3.38,3.31
6,24956.07,13.8,2.69,3.31
2,2479.09,22.2,3.02,3.31
7,27491.01,14.7,3.34,3.31
14,29940.04,22.8,3.41,3.31
22,33378.99,23.0,3.56,3.31
13,22507.18,25.6,3.17,3.31
18,33112.2,17.9,3.43,3.31
5,26030.54,7.6,3.35,3.31
5,25373.66,7.6,3.6,3.31
5,25873.8,6.6,3.42,3.31
21,31159.34,10.4,3.17,3.31
6,25200.0,13.5,3.03,3.31
21,36416.27,15.0,3.36,3.31
21,36418.11,15.0,3.11,3.31
0,21630.59,12.2,3.14,3.31
18,33339.86,15.7,3.53,3.32
14,31607.82,16.9,2.94,3.32
20,36977.22,18.2,3.1,3.32
24,36807.73,18.5,3.72,3.32
18,33424.65,15.7,3.41,3.32
14,31609.78,16.9,2.92,3.32
20,37001.04,18.2,3.16,3.32
20,37354.86,24.8,4.04,3.32
7,26343.34,15.4,2.95,3.32
19,36518.39,25.6,2.73,3.32
16,31461.38,21.3,2.96,3.32
24,37183.56,18.8,3.61,3.32
8,26195.32,17.8,3.96,3.32
7,25676.71,13.4,3.38,3.32
7,25388.29,18.8,3.24,3.32
16,31338.52,20.9,3.67,3.32
10,26228.28,10.2,3.38,3.32
22,36491.61,19.4,3.06,3.32
20,36788.97,16.4,3.81,3.32
24,37174.6,18.7,3.49,3.32
